driver_id,trip_id,date,pickup_timestamp,dropoff_timestamp,is_canceled,is_weekend,is_rain,is_event,pickup_zone,pickup_zone_name,dropoff_zone,dropoff_zone_name,surge_multiplier,surge_applied,distance_km,duration_min,fare_base,fare_time,fare_distance,fare_total,tip_amount,cancel_fee,service_fee,driver_earnings,pickup_lat,pickup_lng,dropoff_lat,dropoff_lng
D0004,6fad0b7f-756d-4fdd-90cb-93c59a8a1fed,2025-09-15,2025-09-15T09:30:00,2025-09-15T09:58:00,0,0,0,0,NORTH,Lower North Shore,CBD,CBD & Haymarket,1.0,0,8.86,28,4.15,2.45,13.56,20.16,0.0,0.0,5.34,14.82,-33.803626,151.181787,-33.881609,151.214638
D0004,fd1ac38c-1046-4491-90e7-1e6100c16cd9,2025-09-15,2025-09-15T09:34:00,2025-09-15T10:03:00,0,0,0,0,INNER,Inner West,INNER,Inner West,1.0,0,8.94,29,4.15,2.54,13.69,20.38,0.0,0.0,5.4,14.98,-33.90226,151.127576,-33.869432,151.104666
D0004,7c0f7636-fb03-44e3-924f-4d21bad5959d,2025-09-15,2025-09-15T09:40:00,2025-09-15T09:54:00,0,0,0,0,INNER,Inner West,WEST,Western Sydney,1.0,0,6.41,14,4.15,1.22,9.81,15.18,0.0,0.0,4.02,11.16,-33.896184,151.19199,-33.75255,150.850223
D0004,86d376ea-0608-4e39-aef7-e5b904820ad6,2025-09-15,2025-09-15T09:52:00,2025-09-15T10:25:00,0,0,0,0,CBD,CBD & Haymarket,EAST,Eastern Suburbs,1.008,1,11.94,33,4.15,2.89,18.28,25.52,0.0,0.0,6.76,18.76,-33.859867,151.231828,-33.924281,151.249876
D0004,55b22101-8dcf-4130-bb12-ff1860b765ff,2025-09-15,2025-09-15T10:05:00,2025-09-15T10:22:00,0,0,0,0,PARRA,Parramatta,PARRA,Parramatta,1.0,0,6.48,17,4.15,1.49,9.92,15.56,2.79,0.0,4.12,14.23,-33.811934,150.971486,-33.814172,150.954441
D0004,d2469771-b663-407d-81d6-9015495d71d6,2025-09-15,2025-09-15T10:26:00,2025-09-15T10:35:00,0,0,0,0,NORTH,Lower North Shore,SOUTH,St George & Shire,1.0,0,2.9,9,4.15,0.79,4.44,9.38,0.0,0.0,2.48,6.9,-33.828478,151.174345,-33.983601,151.055757
D0004,d417fd12-0705-4e07-916d-aa936a3deea9,2025-09-15,2025-09-15T10:58:00,2025-09-15T11:31:00,0,0,0,0,NB,Northern Beaches,INNER,Inner West,1.0,0,10.64,33,4.15,2.89,16.29,23.33,2.35,0.0,6.18,19.5,-33.688467,151.30546,-33.853101,151.166763
D0004,330d7708-82e7-4bfe-98e6-c3f3e64c101f,2025-09-15,2025-09-15T16:24:00,2025-09-15T16:26:00,0,0,0,0,CBD,CBD & Haymarket,NB,Northern Beaches,1.008,1,8.59,2,4.15,1.92,13.15,19.37,0.0,0.0,5.13,14.24,-33.852919,151.197142,-33.707227,151.270673
D0004,c86c3cf6-f11f-4cd5-aab0-95506abb929a,2025-09-16,2025-09-16T10:56:00,2025-09-16T11:13:00,0,0,1,0,CBD,CBD & Haymarket,CBD,CBD & Haymarket,1.246,1,5.22,17,4.15,1.49,7.99,16.98,0.0,0.0,4.5,12.48,-33.864378,151.232808,-33.896499,151.203024
D0004,efabb29b-5d47-42f1-81ef-f3d17ec890b7,2025-09-16,2025-09-16T16:31:00,2025-09-16T16:53:00,0,0,1,0,CBD,CBD & Haymarket,CBD,CBD & Haymarket,1.246,1,8.17,22,4.15,1.92,12.51,23.14,0.0,0.0,6.13,17.01,-33.865389,151.218588,-33.866569,151.210228
D0004,085089c1-ce53-43d9-86b4-45c22f7260ae,2025-09-16,2025-09-16T16:33:00,2025-09-16T16:44:00,0,0,1,0,SOUTH,St George & Shire,SOUTH,St George & Shire,1.224,1,3.92,11,4.15,0.96,6.0,13.6,2.35,0.0,3.6,12.35,-34.027123,151.059433,-34.01003,151.026361
D0004,3f0d74bf-30a9-4408-bd39-31028c4f018c,2025-09-16,2025-09-16T16:42:00,2025-09-16T17:00:00,0,0,1,0,CBD,CBD & Haymarket,SOUTH,St George & Shire,1.246,1,7.16,18,4.15,1.57,10.96,20.78,0.0,0.0,5.5,15.28,-33.862315,151.215426,-34.061515,151.050937
D0004,4269c71f-0d58-42c1-96e0-8a2de3c0ef95,2025-09-16,2025-09-16T16:54:00,2025-09-16T17:22:00,0,0,1,0,INNER,Inner West,INNER,Inner West,1.231,1,8.74,28,4.15,2.45,13.38,24.59,5.09,0.0,6.51,23.17,-33.913098,151.17404,-33.860217,151.149735
D0004,92620b61-c9fe-4ab7-a938-ffcf236fcd25,2025-09-16,2025-09-16T17:29:00,2025-09-16T17:50:00,0,0,1,0,SOUTH,St George & Shire,SOUTH,St George & Shire,1.224,1,5.92,21,4.15,1.84,9.06,18.43,0.0,0.0,4.88,13.55,-33.991561,151.104765,-34.02665,151.099355
D0004,237ab31a-832d-4c16-9474-4aa135beb8e1,2025-09-16,2025-09-16T17:53:00,2025-09-16T17:59:00,0,0,1,0,PARRA,Parramatta,PARRA,Parramatta,1.227,1,9.01,6,4.15,2.62,13.79,25.22,0.0,0.0,6.68,18.54,-33.818642,150.972821,-33.843395,151.010098
D0004,5948175e-42fb-4666-ac05-c9374ee8bbd3,2025-09-16,2025-09-16T17:57:00,2025-09-16T17:59:00,0,0,1,0,WEST,Western Sydney,WEST,Western Sydney,1.223,1,7.18,2,4.15,2.1,10.99,21.08,0.0,0.0,5.58,15.5,-33.790045,150.874505,-33.833289,150.825705
D0004,d3aa4def-3c2b-4909-8c26-851817ec0028,2025-09-17,2025-09-17T08:06:00,2025-09-17T08:19:00,0,0,0,0,INNER,Inner West,INNER,Inner West,1.0,0,4.39,13,4.15,1.14,6.72,12.01,0.0,0.0,3.18,8.83,-33.916777,151.126331,-33.909119,151.136229
D0004,3a7780fb-be66-4b5c-8979-4f947423f5d1,2025-09-17,2025-09-17T08:11:00,2025-09-17T08:44:00,0,0,0,0,WEST,Western Sydney,WEST,Western Sydney,1.0,0,11.96,33,4.15,2.89,18.31,25.35,0.0,0.0,6.71,18.64,-33.771946,150.855462,-33.744038,150.865228
D0004,7f804323-315f-40b8-8a12-6a7a69ce1f9c,2025-09-17,2025-09-17T08:28:00,2025-09-17T08:38:00,0,0,0,0,NORTH,Lower North Shore,NORTH,Lower North Shore,1.0,0,2.85,10,4.15,0.87,4.36,9.38,0.0,0.0,2.48,6.9,-33.796927,151.222456,-33.855241,151.199886
D0004,7826a81e-1bc9-45c0-b0d5-5af153e772ce,2025-09-17,2025-09-17T08:40:00,2025-09-17T09:04:00,0,0,0,0,SOUTH,St George & Shire,INNER,Inner West,1.0,0,10.94,24,4.15,2.1,16.75,23.0,2.91,0.0,6.09,19.82,-33.983796,151.039036,-33.884734,151.1233
D0004,a31e3b78-9979-4490-9759-9b3c8296867d,2025-09-17,2025-09-17T09:21:00,2025-09-17T09:40:00,0,0,0,0,NB,Northern Beaches,NB,Northern Beaches,1.0,0,7.18,19,4.15,1.66,10.99,16.8,4.95,0.0,4.45,17.3,-33.73779,151.289025,-33.69323,151.282698
D0004,b568931a-59af-4e76-a52f-a2fe1d0cb36c,2025-09-17,2025-09-17T09:28:00,2025-09-17T10:02:00,0,0,0,0,EAST,Eastern Suburbs,EAST,Eastern Suburbs,1.0,0,11.67,34,4.15,2.97,17.87,24.99,2.56,0.0,6.62,20.93,-33.87484,151.232876,-33.915868,151.232002
D0004,3e47817c-d9d2-49b6-a5d6-9636467306cb,2025-09-17,2025-09-17T09:30:00,2025-09-17T09:49:00,0,0,0,0,NB,Northern Beaches,NB,Northern Beaches,1.0,0,5.34,19,4.15,1.66,8.18,13.99,0.0,0.0,3.7,10.29,-33.723995,151.312642,-33.697866,151.274892
D0004,b6da226f-ff32-4e7c-b09c-cae417343c65,2025-09-17,2025-09-17T09:40:00,2025-09-17T10:02:00,0,0,0,0,WEST,Western Sydney,WEST,Western Sydney,1.0,0,7.3,22,4.15,1.92,11.18,17.25,0.0,0.0,4.57,12.68,-33.831562,150.814889,-33.799923,150.83917
D0004,46ff69ce-5f7a-4fd3-9d66-3fcce35a8782,2025-09-18,2025-09-18T09:47:00,2025-09-18T10:07:00,0,0,1,0,NORTH,Lower North Shore,NORTH,Lower North Shore,1.163,1,7.73,20,4.15,1.75,11.83,20.62,0.0,0.0,5.46,15.16,-33.831234,151.225332,-33.819496,151.194824
D0004,fe7f72e6-a6c3-49f5-b288-a64f7924703a,2025-09-18,2025-09-18T09:53:00,2025-09-18T10:01:00,0,0,1,0,WEST,Western Sydney,WEST,Western Sydney,1.152,1,3.05,8,4.15,0.7,4.67,10.97,1.11,0.0,2.9,9.18,-33.751853,150.787876,-33.808985,150.835918
D0004,caab0130-2c28-4c05-9679-dd5f66799151,2025-09-18,2025-09-18T10:12:00,2025-09-18T10:25:00,0,0,1,0,PARRA,Parramatta,PARRA,Parramatta,1.156,1,4.5,13,4.15,1.14,6.89,14.08,0.0,0.0,3.73,10.35,-33.843186,151.014065,-33.782506,150.974473
D0004,fffad2fd-78aa-4176-b396-5aa72b3ee5ac,2025-09-18,2025-09-18T10:32:00,2025-09-18T11:00:00,0,0,1,0,CBD,CBD & Haymarket,WEST,Western Sydney,1.173,1,8.65,28,4.15,2.45,13.24,23.28,0.0,0.0,6.16,17.12,-33.871626,151.215473,-33.800823,150.856482
D0004,1f1a26f4-7ccb-4873-a895-6bcf1ffe9070,2025-09-18,2025-09-18T11:18:00,2025-09-18T11:36:00,0,0,1,0,INNER,Inner West,SOUTH,St George & Shire,1.159,1,7.35,18,4.15,1.57,11.25,19.67,0.0,0.0,5.21,14.46,-33.906995,151.170619,-34.017522,151.020825
D0004,5841e0ca-fe99-4edb-9ab7-b6ee37e17388,2025-09-18,2025-09-18T15:10:00,2025-09-18T15:35:00,0,0,1,0,PARRA,Parramatta,EAST,Eastern Suburbs,1.156,1,7.9,25,4.15,2.19,12.09,21.3,0.0,0.0,5.64,15.66,-33.801466,151.02556,-33.902064,151.263977
D0004,e5c5e57c-3bad-47da-a458-19c6a2d39f2b,2025-09-19,2025-09-19T15:42:00,2025-09-19T16:08:00,0,1,1,0,NB,Northern Beaches,NB,Northern Beaches,1.243,1,7.44,26,4.15,2.27,11.39,22.14,0.0,0.0,5.86,16.28,-33.714433,151.283093,-33.714476,151.253168
D0004,337ceb49-727f-4fd5-a27a-67e6100d11c5,2025-09-19,2025-09-19T15:46:00,2025-09-19T15:56:00,0,1,1,0,CBD,CBD & Haymarket,CBD,CBD & Haymarket,1.266,1,2.99,10,4.15,0.87,4.58,12.15,0.0,0.0,3.22,8.93,-33.858601,151.183419,-33.883206,151.185364
D0004,3e5922eb-21a6-407d-88a7-5b96466e904d,2025-09-19,2025-09-19T17:04:00,2025-09-19T17:38:00,0,1,1,0,PARRA,Parramatta,NORTH,Lower North Shore,1.247,1,13.73,34,4.15,2.97,21.02,35.09,0.0,0.0,9.29,25.8,-33.78607,150.97613,-33.822556,151.231378
D0004,665aa94a-3ffa-45bc-860d-80c247982efe,2025-09-19,2025-09-19T17:05:00,2025-09-19T17:31:00,0,1,1,0,NB,Northern Beaches,NB,Northern Beaches,1.243,1,8.78,26,4.15,2.27,13.44,24.69,0.0,0.0,6.54,18.15,-33.716477,151.321909,-33.772465,151.266048
D0004,f3cba93b-3f25-436e-b1d8-3ab95fa07e66,2025-09-19,2025-09-19T17:35:00,2025-09-19T18:07:00,0,1,1,0,NB,Northern Beaches,SOUTH,St George & Shire,1.243,1,14.1,32,4.15,2.8,21.59,35.48,0.0,0.0,9.39,26.09,-33.770208,151.294056,-34.037622,151.088738
D0004,db45155f-93d3-4e43-b26a-38ca98e5f282,2025-09-19,2025-09-19T17:37:00,2025-09-19T17:57:00,0,1,1,0,NB,Northern Beaches,NB,Northern Beaches,1.243,1,7.37,20,4.15,1.75,11.28,21.36,0.0,0.0,5.66,15.7,-33.699608,151.347211,-33.692495,151.287404
D0004,ad63bace-00e4-48ba-a6d6-118f2fb087fa,2025-09-19,2025-09-19T17:43:00,2025-09-19T17:58:00,0,1,1,0,CBD,CBD & Haymarket,CBD,CBD & Haymarket,1.266,1,4.05,15,4.15,1.31,6.2,14.76,0.0,0.0,3.91,10.85,-33.887525,151.227312,-33.86733,151.180804
D0004,9b07ad70-a74c-4800-abb0-75295067ac61,2025-09-19,2025-09-19T17:55:00,2025-09-19T18:04:00,0,1,1,0,WEST,Western Sydney,WEST,Western Sydney,1.243,1,2.92,9,4.15,0.79,4.47,11.7,0.0,0.0,3.1,8.6,-33.766182,150.775426,-33.770949,150.767472
D0004,4ee4bf0d-066c-4ebc-8bdb-6822b777d1ec,2025-09-19,2025-09-19T18:25:00,2025-09-19T18:33:00,0,1,1,0,PARRA,Parramatta,PARRA,Parramatta,1.247,1,5.41,8,4.15,1.57,8.28,17.46,4.87,0.0,4.62,17.71,-33.823052,151.017641,-33.808978,151.036023
D0004,73e708bd-97ad-4390-b3fe-7983a521fdde,2025-09-20,2025-09-20T09:36:00,2025-09-20T10:07:00,0,1,0,1,WEST,Western Sydney,WEST,Western Sydney,1.183,1,10.21,31,4.15,2.71,15.63,26.6,0.0,0.0,7.04,19.56,-33.735167,150.793444,-33.815984,150.834741
D0004,f26db131-7b91-4efa-8ffc-86e329e64d51,2025-09-20,2025-09-20T16:08:00,2025-09-20T16:25:00,0,1,0,1,INNER,Inner West,INNER,Inner West,1.19,1,4.65,17,4.15,1.49,7.12,15.18,0.0,0.0,4.02,11.16,-33.923703,151.155219,-33.880166,151.120569
D0004,7429f9a4-2c1a-4404-bef6-a5972c822b76,2025-09-20,2025-09-20T16:47:00,2025-09-20T16:56:00,0,1,0,1,CBD,CBD & Haymarket,CBD,CBD & Haymarket,1.204,1,3.43,9,4.15,0.79,5.25,12.27,0.0,0.0,3.25,9.02,-33.884762,151.228873,-33.86647,151.228132
D0004,52753bec-2234-4b7d-875f-cf7fb2f58ea6,2025-09-20,2025-09-20T17:01:00,2025-09-20T17:32:00,0,1,0,1,NB,Northern Beaches,NB,Northern Beaches,1.183,1,10.1,31,4.15,2.71,15.46,26.39,0.0,0.0,6.99,19.4,-33.685371,151.303528,-33.74372,151.347538
D0004,a02e1210-e82e-4d25-b9ad-3fade48ce32b,2025-09-20,2025-09-20T17:18:00,2025-09-20T17:38:00,0,1,0,1,PARRA,Parramatta,PARRA,Parramatta,1.186,1,7.14,20,4.15,1.75,10.93,19.96,4.41,0.0,5.28,19.09,-33.779819,151.015632,-33.796563,150.983542
D0004,cf78e232-ca6e-424b-b442-11561d935cf2,2025-09-20,2025-09-20T17:42:00,2025-09-20T18:15:00,0,1,0,1,NB,Northern Beaches,PARRA,Parramatta,1.183,1,13.51,33,4.15,2.89,20.68,32.78,5.37,0.0,8.68,29.47,-33.742423,151.34787,-33.793631,151.019201
D0004,0d9a6af5-2740-4501-b511-98d22ea560ba,2025-09-20,2025-09-20T17:47:00,2025-09-20T17:55:00,0,1,0,1,CBD,CBD & Haymarket,EAST,Eastern Suburbs,1.204,1,3.35,8,4.15,0.7,5.13,12.02,0.0,0.0,3.18,8.84,-33.894709,151.202515,-33.891719,151.231491
D0004,25306121-55e1-4184-9c1a-3f44c2b780ab,2025-09-20,2025-09-20T17:50:00,2025-09-20T18:02:00,0,1,0,1,SOUTH,St George & Shire,NORTH,Lower North Shore,1.184,1,4.46,12,4.15,1.05,6.83,14.24,2.56,0.0,3.77,13.03,-33.985657,151.046519,-33.813568,151.242094
D0004,4af27ab0-1942-4884-8e6a-e7855ca3792e,2025-09-20,2025-09-20T18:02:00,2025-09-20T18:17:00,0,1,0,1,CBD,CBD & Haymarket,CBD,CBD & Haymarket,1.204,1,8.56,15,4.15,2.19,13.1,23.41,1.5,0.0,6.2,18.71,-33.863354,151.228411,-33.861757,151.18242
D0004,8dd4aabe-04a6-4e93-acdb-c3a6e6aeb86f,2025-09-20,2025-09-20T18:06:00,2025-09-20T18:17:00,0,1,0,1,EAST,Eastern Suburbs,EAST,Eastern Suburbs,1.193,1,10.24,11,4.15,2.45,15.68,26.59,0.0,0.0,7.04,19.55,-33.90512,151.23557,-33.888289,151.260505
D0004,6dc59ea0-328b-4eb0-8f31-19a572362f78,2025-09-20,2025-09-20T18:07:00,2025-09-20T18:17:00,0,1,0,1,CBD,CBD & Haymarket,CBD,CBD & Haymarket,1.204,1,9.74,10,4.15,2.54,14.91,26.02,0.0,0.0,6.89,19.13,-33.874198,151.208278,-33.89113,151.215124
D0004,1b53b18f-8346-4bbb-996c-b182c4d65b44,2025-09-20,2025-09-20T18:15:00,2025-09-20T18:17:00,0,1,0,1,WEST,Western Sydney,WEST,Western Sydney,1.183,1,5.12,2,4.15,1.66,7.84,16.14,5.83,0.0,4.27,17.7,-33.775401,150.767729,-33.719301,150.768457
D0004,b128f050-a469-4b4d-aab5-b2ff9808420c,2025-09-21,2025-09-21T16:44:00,2025-09-21T16:53:00,0,1,0,1,CBD,CBD & Haymarket,CBD,CBD & Haymarket,1.205,1,3.03,9,4.15,0.79,4.64,11.55,0.0,0.0,3.06,8.49,-33.893419,151.209348,-33.864586,151.209059
D0004,3db2c6d0-5f6b-4abf-ba02-37e34af4f3a6,2025-09-21,2025-09-21T17:20:00,2025-09-21T17:28:00,0,1,0,1,EAST,Eastern Suburbs,CBD,CBD & Haymarket,1.194,1,3.55,8,4.15,0.7,5.43,12.28,0.0,0.0,3.25,9.03,-33.899774,151.225688,-33.870316,151.211042
D0004,e295771a-e69c-4841-92c9-f16f9a98a715,2025-09-21,2025-09-21T18:04:00,2025-09-21T18:20:00,0,1,0,1,WEST,Western Sydney,WEST,Western Sydney,1.183,1,5.62,16,4.15,1.4,8.6,16.74,0.0,0.0,4.43,12.31,-33.740161,150.803719,-33.772375,150.74841
D0004,15f57fcc-f4ce-48d8-aa07-9959ab93d324,2025-09-21,2025-09-21T18:19:00,2025-09-21T18:28:00,0,1,0,1,SOUTH,St George & Shire,SOUTH,St George & Shire,1.185,1,2.61,9,4.15,0.79,4.0,10.59,0.0,0.0,2.8,7.79,-34.056653,151.088648,-33.982094,151.088794
D0004,c3012b48-3d12-4745-9e9e-c5f925883e13,2025-09-21,2025-09-21T18:19:00,2025-09-21T18:27:00,0,1,0,1,CBD,CBD & Haymarket,CBD,CBD & Haymarket,1.205,1,3.03,8,4.15,0.7,4.64,11.44,0.0,0.0,3.03,8.41,-33.8872,151.199568,-33.846299,151.201094
D0004,eebd0d0f-b7cf-4881-855a-b7ba9f0f7ee3,2025-09-21,2025-09-21T18:20:00,2025-09-21T18:45:00,0,1,0,1,SOUTH,St George & Shire,SOUTH,St George & Shire,1.185,1,9.85,25,4.15,2.19,15.08,25.38,0.0,0.0,6.72,18.66,-34.031327,151.085347,-33.99871,151.093422
D0004,56b9c8f5-557c-466e-a414-28b26dc78697,2025-09-21,2025-09-21T18:23:00,2025-09-21T18:54:00,0,1,0,1,PARRA,Parramatta,PARRA,Parramatta,1.187,1,12.28,31,4.15,2.71,18.8,30.46,0.0,0.0,8.06,22.4,-33.810262,151.044399,-33.835879,151.022844
D0004,dc17c3bd-fc9d-4eb6-8da2-2d729426ca88,2025-09-21,2025-09-21T18:32:00,2025-09-21T18:54:00,0,1,0,1,INNER,Inner West,INNER,Inner West,1.191,1,8.2,22,4.15,1.92,12.55,22.17,0.0,0.0,5.87,16.3,-33.886424,151.091734,-33.920013,151.16303
D0004,0acaab39-8f8b-4f0c-9f40-e949050a6791,2025-09-21,2025-09-21T18:39:00,2025-09-21T19:02:00,0,1,0,1,SOUTH,St George & Shire,SOUTH,St George & Shire,1.185,1,7.33,23,4.15,2.01,11.22,20.59,4.67,0.0,5.45,19.81,-34.038553,151.02636,-33.98908,151.105733
D0004,24f3502e-584b-4d89-8a7e-ee4d94a02eb2,2025-09-21,2025-09-21T18:43:00,2025-09-21T19:16:00,0,1,0,1,INNER,Inner West,PARRA,Parramatta,1.191,1,10.31,33,4.15,2.89,15.78,27.17,0.0,0.0,7.19,19.98,-33.894394,151.106387,-33.790722,151.035862
D0004,056546d3-395b-4fe9-bf25-7457ffd76cf3,2025-09-21,2025-09-21T19:05:00,2025-09-21T19:24:00,0,1,0,1,CBD,CBD & Haymarket,CBD,CBD & Haymarket,1.205,1,7.37,19,4.15,1.66,11.28,20.6,0.0,0.0,5.45,15.15,-33.875317,151.22464,-33.849993,151.221346
D0004,40fbbd54-90ac-4693-86ad-de0d5425fc55,2025-09-22,2025-09-22T08:06:00,2025-09-22T08:39:00,0,0,0,0,SOUTH,St George & Shire,SOUTH,St George & Shire,1.0,0,10.31,33,4.15,2.89,15.78,22.82,0.0,0.0,6.04,16.78,-34.011304,151.032602,-33.978291,151.02702
D0004,824f5226-ab1d-40d6-a1bf-7061ae087002,2025-09-22,2025-09-22T08:09:00,2025-09-22T08:38:00,0,0,0,0,CBD,CBD & Haymarket,INNER,Inner West,1.0,0,10.53,29,4.15,2.54,16.12,22.81,0.0,0.0,6.04,16.77,-33.883579,151.193118,-33.853332,151.142837
D0004,667b5364-e033-4e39-95fa-2df5dbe7d5b6,2025-09-22,2025-09-22T08:25:00,2025-09-22T08:34:00,0,0,0,0,NB,Northern Beaches,NB,Northern Beaches,1.0,0,3.01,9,4.15,0.79,4.61,9.55,0.0,0.0,2.53,7.02,-33.765407,151.293697,-33.678298,151.287689
D0004,b0fddd76-19b8-43f4-a55d-182c55661853,2025-09-22,2025-09-22T08:48:00,2025-09-22T09:06:00,0,0,0,0,INNER,Inner West,INNER,Inner West,1.0,0,6.09,18,4.15,1.57,9.32,15.04,0.0,0.0,3.98,11.06,-33.90456,151.096321,-33.920823,151.13288
D0004,005aefe9-ecca-4947-854a-d3474364d35a,2025-09-22,2025-09-22T09:12:00,2025-09-22T09:31:00,0,0,0,0,CBD,CBD & Haymarket,PARRA,Parramatta,1.0,0,6.48,19,4.15,1.66,9.92,15.73,2.62,0.0,4.16,14.19,-33.869865,151.180654,-33.825208,150.972439
D0004,56b62512-7722-4d61-9341-f971396b9750,2025-09-22,2025-09-22T09:31:00,2025-09-22T09:41:00,0,0,0,0,CBD,CBD & Haymarket,EAST,Eastern Suburbs,1.0,0,3.61,10,4.15,0.87,5.53,10.55,2.94,0.0,2.79,10.7,-33.889078,151.21195,-33.884066,151.218601
D0004,02ea9642-c9f3-462c-bf9b-e08b3daf5b39,2025-09-22,2025-09-22T09:39:00,2025-09-22T10:03:00,0,0,0,0,SOUTH,St George & Shire,EAST,Eastern Suburbs,1.0,0,8.71,24,4.15,2.1,13.33,19.58,0.0,0.0,5.18,14.4,-34.03288,151.077387,-33.913014,151.274432
D0004,1c57a585-3c9e-4588-903d-d0ee2c7ccdbe,2025-09-22,2025-09-22T09:41:00,2025-09-22T10:14:00,0,0,0,0,SOUTH,St George & Shire,WEST,Western Sydney,1.0,0,14.69,33,4.15,2.89,22.49,29.53,0.0,0.0,7.82,21.71,-34.050705,151.080873,-33.760954,150.810971
D0004,17a8df89-cfd8-476b-9d69-8930a6e24287,2025-09-23,2025-09-23T08:54:00,2025-09-23T09:08:00,0,0,1,0,CBD,CBD & Haymarket,CBD,CBD & Haymarket,1.091,1,5.28,14,4.15,1.22,8.08,14.67,0.0,0.0,3.88,10.79,-33.853018,151.209083,-33.876237,151.203249
D0004,607e073d-1787-4b39-87dc-c454c1241ed0,2025-09-23,2025-09-23T08:58:00,2025-09-23T09:14:00,0,0,1,0,INNER,Inner West,CBD,CBD & Haymarket,1.078,1,5.88,16,4.15,1.4,9.0,15.68,0.0,0.0,4.15,11.53,-33.907524,151.157082,-33.854433,151.205184
D0004,2a3b4b76-7e26-45ca-9514-5fbdf2c2f146,2025-09-23,2025-09-23T09:25:00,2025-09-23T09:49:00,0,0,1,0,WEST,Western Sydney,NB,Northern Beaches,1.071,1,9.14,24,4.15,2.1,13.99,21.68,0.0,0.0,5.74,15.94,-33.818603,150.76263,-33.713775,151.336338
D0004,c70dfb85-ac8e-44e7-bfaa-6247a0b1876f,2025-09-23,2025-09-23T09:37:00,2025-09-23T09:57:00,0,0,1,0,INNER,Inner West,NORTH,Lower North Shore,1.078,1,8.0,20,4.15,1.75,12.25,19.56,0.0,0.0,5.18,14.38,-33.925251,151.114675,-33.810566,151.207264
D0004,5b99f262-2ab8-4a1d-a58d-bceea3e21f1c,2025-09-23,2025-09-23T10:27:00,2025-09-23T11:00:00,0,0,1,0,SOUTH,St George & Shire,SOUTH,St George & Shire,1.072,1,9.77,33,4.15,2.89,14.96,23.59,0.0,0.0,6.25,17.34,-34.037569,151.03896,-34.031046,151.035501
D0004,3bea4400-4d14-4c6d-b023-fd4126955ec2,2025-09-23,2025-09-23T12:05:00,2025-09-23T12:30:00,0,0,1,0,PARRA,Parramatta,CBD,CBD & Haymarket,1.074,1,7.95,25,4.15,2.19,12.17,19.89,0.0,0.0,5.27,14.62,-33.811543,151.03151,-33.886177,151.194161
D0004,84f7a714-04fa-43eb-b367-e4a21a6ab326,2025-09-24,2025-09-24T17:43:00,2025-09-24T18:02:00,0,0,0,0,NB,Northern Beaches,EAST,Eastern Suburbs,1.009,1,6.39,19,4.15,1.66,9.78,15.74,0.0,0.0,4.17,11.57,-33.723125,151.301403,-33.910178,151.253673
D0004,d9cf46c5-ba74-4cdb-acb1-899a2bece5f6,2025-09-24,2025-09-24T17:45:00,2025-09-24T18:02:00,0,0,0,0,NORTH,Lower North Shore,NORTH,Lower North Shore,1.019,1,5.77,17,4.15,1.49,8.83,14.74,3.73,0.0,3.9,14.57,-33.852676,151.206958,-33.838743,151.223812
D0004,409da90f-74cd-4f97-90ba-f0fcb7954132,2025-09-24,2025-09-24T17:46:00,2025-09-24T18:16:00,0,0,0,0,PARRA,Parramatta,PARRA,Parramatta,1.013,1,8.78,30,4.15,2.62,13.44,20.46,0.0,0.0,5.42,15.04,-33.81817,151.02202,-33.787051,150.993853
D0004,ae1579c3-d0de-4522-84cd-d80b3058f362,2025-09-24,2025-09-24T17:46:00,2025-09-24T18:01:00,0,0,0,0,SOUTH,St George & Shire,SOUTH,St George & Shire,1.011,1,5.98,15,4.15,1.31,9.16,14.78,0.0,0.0,3.91,10.87,-34.029082,151.107349,-34.004429,151.085829
D0004,33a9d751-e57c-410a-8867-3eedf136e91b,2025-09-24,2025-09-24T17:55:00,2025-09-24T18:21:00,0,0,0,0,NB,Northern Beaches,NB,Northern Beaches,1.009,1,8.45,26,4.15,2.27,12.94,19.54,0.0,0.0,5.17,14.37,-33.705846,151.305435,-33.738828,151.292421
D0004,f02a3a88-1e98-4f51-ba26-075a7baa1b81,2025-09-24,2025-09-24T17:58:00,2025-09-24T18:13:00,0,0,0,0,EAST,Eastern Suburbs,PARRA,Parramatta,1.019,1,5.55,15,4.15,1.31,8.5,14.22,0.0,0.0,3.77,10.45,-33.864099,151.231302,-33.783824,150.987073
D0004,c42f8568-ea76-4cbe-be4a-9283ccf9aeaf,2025-09-24,2025-09-24T17:59:00,2025-09-24T18:07:00,0,0,0,0,NORTH,Lower North Shore,NORTH,Lower North Shore,1.019,1,2.83,8,4.15,0.7,4.33,9.35,0.0,0.0,2.48,6.87,-33.79785,151.209094,-33.807988,151.176871
D0004,139f5e3f-ac5c-49a2-b5c8-f931556b6cba,2025-09-25,2025-09-25T16:42:00,2025-09-25T17:10:00,0,0,0,0,EAST,Eastern Suburbs,EAST,Eastern Suburbs,1.006,1,10.71,28,4.15,2.45,16.4,23.13,3.83,0.0,6.12,20.84,-33.906522,151.279842,-33.870684,151.239174
D0004,153fbf0e-69f8-40ad-979b-17f72001a971,2025-09-25,2025-09-25T16:46:00,2025-09-25T17:09:00,0,0,0,0,SOUTH,St George & Shire,NORTH,Lower North Shore,1.0,0,7.85,23,4.15,2.01,12.02,18.18,0.0,0.0,4.81,13.37,-34.043176,151.071742,-33.849383,151.220605
D0004,5f1b430b-6f92-4d09-b33c-8faea116ec38,2025-09-25,2025-09-25T16:47:00,2025-09-25T17:09:00,0,0,0,0,PARRA,Parramatta,PARRA,Parramatta,1.0,0,7.98,22,4.15,1.92,12.22,18.29,0.0,0.0,4.84,13.45,-33.827521,150.985202,-33.786859,150.973441
D0004,80c02407-e0c7-4f0a-afca-de7955631bf5,2025-09-25,2025-09-25T16:49:00,2025-09-25T17:13:00,0,0,0,0,SOUTH,St George & Shire,INNER,Inner West,1.0,0,9.57,24,4.15,2.1,14.65,20.9,0.0,0.0,5.53,15.37,-33.977643,151.0939,-33.849105,151.156553
D0004,00656174-ae97-4d80-932d-0eda4d92530f,2025-09-25,2025-09-25T16:54:00,2025-09-25T17:12:00,0,0,0,0,SOUTH,St George & Shire,SOUTH,St George & Shire,1.0,0,7.11,18,4.15,1.57,10.89,16.61,0.0,0.0,4.4,12.21,-34.049851,151.010653,-34.041226,151.09088
D0004,89459acb-6d49-4caf-8420-8a33b754e4fb,2025-09-25,2025-09-25T17:20:00,2025-09-25T17:27:00,0,0,0,0,INNER,Inner West,INNER,Inner West,1.003,1,3.18,7,4.15,0.7,4.87,9.75,0.0,0.0,2.58,7.17,-33.877118,151.107398,-33.872734,151.118661
D0004,b6b187a4-db5f-47c4-a019-37fe8a34cd7d,2025-09-25,2025-09-25T17:21:00,2025-09-25T17:27:00,0,0,0,0,CBD,CBD & Haymarket,CBD,CBD & Haymarket,1.015,1,6.7,6,4.15,1.84,10.26,16.49,0.0,0.0,4.37,12.12,-33.87092,151.198451,-33.865345,151.197262
D0004,c9e512a4-14c5-4084-ab11-b6716baf3dd0,2025-09-26,2025-09-26T08:24:00,2025-09-26T08:54:00,0,1,0,0,CBD,CBD & Haymarket,CBD,CBD & Haymarket,1.01,1,9.1,30,4.15,2.62,13.93,20.9,0.0,0.0,5.53,15.37,-33.8515,151.192774,-33.884241,151.20488
D0004,9e8cacda-188f-445c-92fc-f0326e842c0c,2025-09-26,2025-09-26T08:24:00,2025-09-26T08:41:00,0,1,0,0,EAST,Eastern Suburbs,EAST,Eastern Suburbs,1.001,1,4.96,17,4.15,1.49,7.59,13.24,0.0,0.0,3.51,9.73,-33.885891,151.286424,-33.888555,151.258375
D0004,e88948ba-6964-41a8-ac37-aa6239ead94e,2025-09-26,2025-09-26T08:32:00,2025-09-26T08:41:00,0,1,0,0,NORTH,Lower North Shore,PARRA,Parramatta,1.001,1,3.11,9,4.15,0.79,4.76,9.7,0.0,0.0,2.57,7.13,-33.850522,151.210317,-33.795548,151.035659
D0004,7cac5297-8ed4-45c2-b315-8f2aa68e6c19,2025-09-26,2025-09-26T08:36:00,2025-09-26T09:07:00,0,1,0,0,PARRA,Parramatta,PARRA,Parramatta,1.0,0,8.45,31,4.15,2.71,12.94,19.8,0.0,0.0,5.24,14.56,-33.806314,150.993573,-33.786516,151.008644
D0004,767eaa41-5101-41a7-8172-b98dd668ce11,2025-09-26,2025-09-26T08:48:00,2025-09-26T09:21:00,0,1,0,0,EAST,Eastern Suburbs,EAST,Eastern Suburbs,1.001,1,11.27,33,4.15,2.89,17.25,24.3,0.0,0.0,6.43,17.87,-33.89686,151.255267,-33.88873,151.212227
D0004,635ad840-2e3c-4521-9980-719a90c74163,2025-09-26,2025-09-26T08:53:00,2025-09-26T09:17:00,0,1,0,0,CBD,CBD & Haymarket,CBD,CBD & Haymarket,1.01,1,7.57,24,4.15,2.1,11.59,18.01,0.0,0.0,4.77,13.24,-33.865404,151.236735,-33.882017,151.221496
D0004,5fa1c143-071c-4888-b1ff-9e741d64ebcc,2025-09-26,2025-09-26T08:53:00,2025-09-26T09:17:00,0,1,0,0,INNER,Inner West,NB,Northern Beaches,1.0,0,7.78,24,4.15,2.1,11.91,18.16,0.0,0.0,4.81,13.35,-33.930841,151.130416,-33.727456,151.32773
D0004,df5e0173-e9dc-486f-ad4c-955b61017d76,2025-09-26,2025-09-26T09:38:00,2025-09-26T09:50:00,0,1,0,0,SOUTH,St George & Shire,SOUTH,St George & Shire,1.0,0,3.67,12,4.15,1.05,5.62,10.82,0.0,0.0,2.86,7.96,-33.979848,151.055597,-34.029402,151.115432
D0004,16427f0f-dd26-46be-b727-8dc88170cb20,2025-09-26,2025-09-26T09:44:00,2025-09-26T09:52:00,0,1,0,0,NORTH,Lower North Shore,NORTH,Lower North Shore,1.001,1,2.62,8,4.15,0.7,4.01,8.86,0.0,0.0,2.35,6.51,-33.823722,151.224534,-33.799537,151.198001
D0004,9c7c2a29-95c4-47e2-b501-a5bdf094bb1b,2025-09-27,2025-09-27T10:37:00,2025-09-27T10:52:00,0,1,0,1,EAST,Eastern Suburbs,EAST,Eastern Suburbs,1.211,1,4.63,15,4.15,1.31,7.09,15.2,0.0,0.0,4.02,11.18,-33.868161,151.272788,-33.872696,151.255664
D0004,e8040c66-80d8-4410-a9b0-56daddcbaf73,2025-09-27,2025-09-27T14:49:00,2025-09-27T15:22:00,0,1,0,1,INNER,Inner West,INNER,Inner West,1.207,1,9.92,33,4.15,2.89,15.19,26.84,3.67,0.0,7.11,23.4,-33.907847,151.129919,-33.909142,151.100461
D0004,9f149632-2dc7-4ae6-8d45-c7a93a9e888c,2025-09-27,2025-09-27T15:59:00,2025-09-27T16:22:00,0,1,0,1,CBD,CBD & Haymarket,INNER,Inner West,1.222,1,9.74,23,4.15,2.01,14.91,25.75,0.0,0.0,6.82,18.93,-33.859936,151.232612,-33.917806,151.174095
D0004,6b66e278-a9ef-495d-a599-379de9ce08db,2025-09-27,2025-09-27T16:14:00,2025-09-27T16:22:00,0,1,0,1,CBD,CBD & Haymarket,CBD,CBD & Haymarket,1.222,1,2.69,8,4.15,0.7,4.12,10.96,1.87,0.0,2.9,9.93,-33.883957,151.218,-33.875177,151.232421
D0004,90606f7f-cdfa-4dc9-a62a-7c3a77409f70,2025-09-27,2025-09-27T16:57:00,2025-09-27T17:17:00,0,1,0,1,WEST,Western Sydney,WEST,Western Sydney,1.2,1,7.27,20,4.15,1.75,11.13,20.43,0.0,0.0,5.41,15.02,-33.77014,150.857661,-33.773989,150.747337
D0004,c8a92b5f-ecad-48e2-be39-d0165c92d72a,2025-09-27,2025-09-27T17:07:00,2025-09-27T17:22:00,0,1,0,1,SOUTH,St George & Shire,SOUTH,St George & Shire,1.201,1,5.82,15,4.15,1.31,8.91,17.26,0.0,0.0,4.57,12.69,-34.013151,151.018077,-34.00195,151.029973
D0004,faf81b49-b057-4d94-ad7c-045d0abc860e,2025-09-27,2025-09-27T17:11:00,2025-09-27T17:35:00,0,1,0,1,EAST,Eastern Suburbs,WEST,Western Sydney,1.211,1,11.61,24,4.15,2.45,17.77,29.51,0.0,0.0,7.81,21.7,-33.87741,151.2732,-33.756078,150.784088
D0004,0521c24c-e9f6-4f78-b7b1-c6e38892a15a,2025-09-27,2025-09-27T17:20:00,2025-09-27T17:35:00,0,1,0,1,NORTH,Lower North Shore,NORTH,Lower North Shore,1.211,1,7.11,15,4.15,2.1,10.89,20.76,0.0,0.0,5.5,15.26,-33.838955,151.192364,-33.82664,151.253689
D0004,963ee5db-b7fb-4d09-9842-2fec71079f4d,2025-09-27,2025-09-27T17:28:00,2025-09-27T17:35:00,0,1,0,1,CBD,CBD & Haymarket,CBD,CBD & Haymarket,1.222,1,4.92,7,4.15,1.49,7.53,16.09,0.0,0.0,4.26,11.83,-33.867546,151.180277,-33.86948,151.232039
D0004,6e4d4910-d557-4eca-9c39-29247eb19b56,2025-09-27,2025-09-27T17:33:00,2025-09-27T17:35:00,0,1,0,1,CBD,CBD & Haymarket,CBD,CBD & Haymarket,1.222,1,6.84,2,4.15,1.75,10.47,20.0,0.0,0.0,5.3,14.7,-33.86539,151.208665,-33.850067,151.202291
D0004,b1f0c2a0-d89c-4627-a823-2eaadd240122,2025-09-28,2025-09-28T16:37:00,2025-09-28T16:58:00,0,1,0,1,EAST,Eastern Suburbs,EAST,Eastern Suburbs,1.266,1,8.18,21,4.15,1.84,12.52,23.43,0.0,0.0,6.2,17.23,-33.909038,151.260279,-33.888778,151.268212
D0004,efc79929-a332-4a71-8f35-7f5be9f91a28,2025-09-28,2025-09-28T17:18:00,2025-09-28T17:51:00,0,1,0,1,PARRA,Parramatta,PARRA,Parramatta,1.258,1,11.49,33,4.15,2.89,17.59,30.99,0.0,0.0,8.21,22.78,-33.8047,151.040684,-33.834137,151.031254
D0004,0b761489-d008-44db-828d-a539835084cd,2025-09-28,2025-09-28T17:36:00,2025-09-28T18:00:00,0,1,0,1,NB,Northern Beaches,NB,Northern Beaches,1.254,1,9.42,24,4.15,2.1,14.42,25.93,0.0,0.0,6.87,19.06,-33.747598,151.274406,-33.705074,151.26915
D0004,b56c5f66-13ab-400e-b76a-9ca797a9adb1,2025-09-28,2025-09-28T18:15:00,2025-09-28T18:43:00,0,1,0,1,NB,Northern Beaches,NB,Northern Beaches,1.254,1,10.73,28,4.15,2.45,16.43,28.89,0.0,0.0,7.65,21.24,-33.715132,151.353845,-33.741447,151.308256
D0004,9861c7fa-40c0-4fe0-b355-a7859a7a77dc,2025-09-28,2025-09-28T18:19:00,2025-09-28T18:44:00,0,1,0,1,NORTH,Lower North Shore,NORTH,Lower North Shore,1.266,1,7.59,25,4.15,2.19,11.62,22.73,0.0,0.0,6.02,16.71,-33.834357,151.209829,-33.856812,151.222722
D0004,20c67743-b2b3-4e1b-841b-0d6866015c25,2025-09-28,2025-09-28T18:21:00,2025-09-28T18:53:00,0,1,0,1,INNER,Inner West,INNER,Inner West,1.262,1,11.04,32,4.15,2.8,16.9,30.1,5.1,0.0,7.97,27.23,-33.845698,151.12562,-33.861761,151.139447
D0004,8d7200ac-cfbe-4b65-b688-37014bb9eb66,2025-09-28,2025-09-28T18:33:00,2025-09-28T18:55:00,0,1,0,1,INNER,Inner West,INNER,Inner West,1.262,1,7.88,22,4.15,1.92,12.06,22.88,0.0,0.0,6.06,16.82,-33.875264,151.148824,-33.867174,151.118065
D0004,273cd53e-2bc5-4524-a7ea-6b3bce0934f7,2025-09-28,2025-09-28T18:44:00,2025-09-28T19:17:00,0,1,0,1,NORTH,Lower North Shore,NORTH,Lower North Shore,1.266,1,11.4,33,4.15,2.89,17.45,31.0,0.0,0.0,8.21,22.79,-33.816726,151.204183,-33.812961,151.177459
D0004,6fdc10ea-2b2c-46aa-8f32-c8cf76a464b4,2025-09-28,2025-09-28T18:50:00,2025-09-28T19:05:00,0,1,0,1,PARRA,Parramatta,INNER,Inner West,1.258,1,6.41,15,4.15,1.31,9.81,19.21,0.0,0.0,5.09,14.12,-33.829685,151.042933,-33.92592,151.117865
D0004,04b4717f-ac0e-4cee-a5d8-0519fce9a470,2025-09-28,2025-09-28T18:50:00,2025-09-28T19:03:00,0,1,0,1,NB,Northern Beaches,WEST,Western Sydney,1.254,1,5.53,13,4.15,1.14,8.47,17.26,0.0,0.0,4.57,12.69,-33.74188,151.36154,-33.81021,150.804316
D0004,45713b13-b307-48c4-a650-e90824a2be76,2025-09-28,2025-09-28T19:24:00,2025-09-28T19:45:00,0,1,0,1,INNER,Inner West,INNER,Inner West,1.262,1,7.54,21,4.15,1.84,11.54,22.12,1.2,0.0,5.86,17.46,-33.889908,151.174337,-33.862675,151.125461
D0004,58c48fa3-492c-4386-a634-3e08d4a680b9,2025-09-28,2025-09-28T19:30:00,2025-09-28T19:54:00,0,1,0,1,EAST,Eastern Suburbs,INNER,Inner West,1.266,1,9.66,24,4.15,2.1,14.79,26.63,0.0,0.0,7.05,19.58,-33.890032,151.205291,-33.880849,151.123521
D0004,7fb7f628-6688-4602-b0ae-ff8ce25af099,2025-09-29,2025-09-29T07:42:00,2025-09-29T08:10:00,0,0,0,0,CBD,CBD & Haymarket,CBD,CBD & Haymarket,1.03,1,10.68,28,4.15,2.45,16.35,23.64,0.0,0.0,6.26,17.38,-33.856502,151.197919,-33.846701,151.189803
D0004,402d4cef-6af7-4199-a639-bbd8d97e8684,2025-09-29,2025-09-29T07:53:00,2025-09-29T08:14:00,0,0,0,0,WEST,Western Sydney,WEST,Western Sydney,1.011,1,6.55,21,4.15,1.84,10.03,16.2,0.0,0.0,4.29,11.91,-33.80933,150.82979,-33.725036,150.776598
D0004,373e7945-cf98-4c78-936d-3024d1174927,2025-09-29,2025-09-29T08:42:00,2025-09-29T08:57:00,0,0,0,0,EAST,Eastern Suburbs,INNER,Inner West,1.021,1,4.68,15,4.15,1.31,7.16,12.88,0.0,0.0,3.41,9.47,-33.863091,151.247235,-33.894395,151.145222
D0004,0390a10b-738a-4a23-8d6d-de9404073a7a,2025-09-29,2025-09-29T09:14:00,2025-09-29T09:33:00,0,0,0,0,NB,Northern Beaches,NB,Northern Beaches,1.011,1,7.39,19,4.15,1.66,11.31,17.31,0.0,0.0,4.58,12.73,-33.738282,151.30716,-33.763649,151.296707
D0004,082323cb-d99d-4a79-baac-5ff8d02ea478,2025-09-29,2025-09-29T09:16:00,2025-09-29T09:50:00,0,0,0,0,NB,Northern Beaches,PARRA,Parramatta,1.011,1,11.36,34,4.15,2.97,17.39,24.79,0.0,0.0,6.56,18.23,-33.740441,151.306702,-33.830112,150.962797
D0004,b929293b-b66a-4070-895e-4305546b98fc,2025-09-29,2025-09-29T09:27:00,2025-09-29T09:53:00,0,0,0,0,EAST,Eastern Suburbs,EAST,Eastern Suburbs,1.021,1,10.29,26,4.15,2.27,15.75,22.63,0.0,0.0,5.99,16.64,-33.921355,151.263339,-33.911496,151.258784
D0004,ca8e16ac-0a01-4767-a874-68be6a7b285c,2025-09-29,2025-09-29T09:29:00,2025-09-29T09:59:00,0,0,0,0,INNER,Inner West,INNER,Inner West,1.017,1,9.92,30,4.15,2.62,15.19,22.34,2.04,0.0,5.91,18.47,-33.877314,151.137952,-33.910088,151.171003
D0004,7a3daf1e-7a48-4e6c-b27c-99fd7be66adc,2025-09-30,2025-09-30T17:37:00,2025-09-30T18:06:00,0,0,0,0,WEST,Western Sydney,NB,Northern Beaches,1.022,1,13.01,29,4.15,2.54,19.92,27.18,0.0,0.0,7.2,19.98,-33.780907,150.747402,-33.726973,151.239264
D0004,71e00544-2793-4772-8cb8-97c2007454aa,2025-09-30,2025-09-30T17:45:00,2025-09-30T17:59:00,0,0,0,0,CBD,CBD & Haymarket,CBD,CBD & Haymarket,1.04,1,4.89,14,4.15,1.22,7.49,13.38,0.0,0.0,3.54,9.84,-33.876387,151.221241,-33.866657,151.23354
D0004,d0f9f49f-b16f-49ff-b9f5-f5274b5a7ef7,2025-09-30,2025-09-30T17:51:00,2025-09-30T18:05:00,0,0,0,0,EAST,Eastern Suburbs,WEST,Western Sydney,1.031,1,5.15,14,4.15,1.22,7.88,13.66,0.0,0.0,3.62,10.04,-33.87923,151.247206,-33.819341,150.7988
D0004,75d96b4a-4c4d-4b9b-b025-ad81dd97ae24,2025-09-30,2025-09-30T18:31:00,2025-09-30T18:55:00,0,0,0,0,WEST,Western Sydney,WEST,Western Sydney,1.022,1,8.46,24,4.15,2.1,12.95,19.61,0.0,0.0,5.19,14.42,-33.749343,150.738906,-33.719948,150.777544
D0004,fa60511c-a998-44d2-9de6-0798c6d3dd5b,2025-09-30,2025-09-30T18:43:00,2025-09-30T19:02:00,0,0,0,0,WEST,Western Sydney,WEST,Western Sydney,1.022,1,6.78,19,4.15,1.66,10.38,16.54,0.0,0.0,4.38,12.16,-33.754281,150.859659,-33.712673,150.832815
D0004,2e78af9c-4789-4030-a7d4-19cbdef1e8d6,2025-09-30,2025-09-30T18:50:00,2025-09-30T19:08:00,0,0,0,0,EAST,Eastern Suburbs,NORTH,Lower North Shore,1.031,1,7.46,18,4.15,1.57,11.42,17.67,0.0,0.0,4.68,12.99,-33.90316,151.261117,-33.81373,151.186898
D0004,60e346c1-7609-470a-92ed-57c704fd4036,2025-09-30,2025-09-30T18:54:00,2025-09-30T19:09:00,0,0,0,0,SOUTH,St George & Shire,SOUTH,St George & Shire,1.023,1,4.69,15,4.15,1.31,7.18,12.93,2.63,0.0,3.42,12.14,-34.017617,151.003317,-34.065439,151.047264
D0004,6bb53ab8-fd7f-41d3-abca-36ff19148c68,2025-09-30,2025-09-30T19:06:00,2025-09-30T19:19:00,0,0,0,0,WEST,Western Sydney,EAST,Eastern Suburbs,1.022,1,5.27,13,4.15,1.14,8.07,13.65,0.0,0.0,3.61,10.04,-33.823119,150.851311,-33.86761,151.23528
D0004,3c829a1d-f063-43eb-8ad4-5aa6e013d4f9,2025-10-01,2025-10-01T07:58:00,2025-10-01T08:10:00,0,0,0,0,EAST,Eastern Suburbs,EAST,Eastern Suburbs,1.0,0,4.04,12,4.15,1.05,6.19,11.39,0.0,0.0,3.02,8.37,-33.896202,151.236228,-33.883244,151.223249
D0004,5c2ea519-52cb-45c1-817e-38b6bca20126,2025-10-01,2025-10-01T08:01:00,2025-10-01T08:12:00,0,0,0,0,NB,Northern Beaches,NB,Northern Beaches,1.0,0,3.77,11,4.15,0.96,5.77,10.88,0.0,0.0,2.88,8.0,-33.768192,151.267366,-33.777366,151.315349
D0004,74938374-d87c-4cc3-80ab-452b70f44168,2025-10-01,2025-10-01T08:38:00,2025-10-01T08:56:00,0,0,0,0,PARRA,Parramatta,PARRA,Parramatta,1.0,0,6.47,18,4.15,1.57,9.91,15.63,0.0,0.0,4.14,11.49,-33.782922,151.002698,-33.790344,151.018762
D0004,2da093ff-7fde-48e0-94ca-da350a1afa71,2025-10-01,2025-10-01T09:14:00,2025-10-01T09:44:00,0,0,0,0,CBD,CBD & Haymarket,CBD,CBD & Haymarket,1.0,0,10.16,30,4.15,2.62,15.55,22.32,0.0,0.0,5.91,16.41,-33.868979,151.177364,-33.848295,151.217683
D0004,7a758279-0d1f-400b-957a-4c73a8554cd7,2025-10-01,2025-10-01T09:21:00,2025-10-01T09:37:00,0,0,0,0,SOUTH,St George & Shire,SOUTH,St George & Shire,1.0,0,4.93,16,4.15,1.4,7.55,13.1,0.0,0.0,3.47,9.63,-34.073442,151.051534,-33.979387,151.060201
D0004,34f2abb1-c9be-4a5a-9a0e-2068daabfebe,2025-10-01,2025-10-01T09:21:00,2025-10-01T09:33:00,0,0,0,0,PARRA,Parramatta,PARRA,Parramatta,1.0,0,3.31,12,4.15,1.05,5.07,10.27,3.28,0.0,2.72,10.83,-33.849471,150.992568,-33.83039,150.957118
D0004,f85b5b98-2c25-4695-a572-f65bf2292393,2025-10-01,2025-10-01T09:27:00,2025-10-01T09:50:00,0,0,0,0,WEST,Western Sydney,WEST,Western Sydney,1.0,0,6.69,23,4.15,2.01,10.24,16.4,5.59,0.0,4.34,17.65,-33.748682,150.816565,-33.803055,150.761265
D0004,e41fff2c-5072-4dba-8c0c-2e01e10999ec,2025-10-01,2025-10-01T09:31:00,2025-10-01T09:43:00,0,0,0,0,PARRA,Parramatta,EAST,Eastern Suburbs,1.0,0,4.84,12,4.15,1.05,7.41,12.61,0.0,0.0,3.34,9.27,-33.795119,151.040116,-33.886241,151.266084
D0004,53f2f654-940c-4a7b-9a7d-e60ebdc7e157,2025-10-02,2025-10-02T16:27:00,2025-10-02T16:49:00,0,0,1,0,INNER,Inner West,INNER,Inner West,1.23,1,7.15,22,4.15,1.92,10.95,20.94,3.64,0.0,5.54,19.04,-33.903095,151.122173,-33.917972,151.1795
D0004,b79cf873-e16d-4fa6-8313-60f7d426e07b,2025-10-02,2025-10-02T16:41:00,2025-10-02T17:04:00,0,0,1,0,EAST,Eastern Suburbs,NORTH,Lower North Shore,1.234,1,8.31,23,4.15,2.01,12.72,23.3,4.51,0.0,6.17,21.64,-33.885906,151.277022,-33.836506,151.248475
D0004,2bfa7d33-9783-471c-8b1b-7e5c056f090e,2025-10-02,2025-10-02T16:55:00,2025-10-02T17:28:00,0,0,1,0,NORTH,Lower North Shore,NORTH,Lower North Shore,1.234,1,12.36,33,4.15,2.89,18.92,32.04,0.0,0.0,8.48,23.56,-33.814621,151.204733,-33.812407,151.178411
D0004,5315a732-8a2c-49ab-b342-958bfa87f6a9,2025-10-02,2025-10-02T17:29:00,2025-10-02T17:49:00,0,0,1,0,EAST,Eastern Suburbs,EAST,Eastern Suburbs,1.234,1,7.37,20,4.15,1.75,11.28,21.2,5.01,0.0,5.61,20.6,-33.910749,151.25702,-33.892832,151.251791
D0004,7a4dfec2-8dac-45ce-9960-0ca076d0233a,2025-10-02,2025-10-02T17:39:00,2025-10-02T18:00:00,0,0,1,0,PARRA,Parramatta,PARRA,Parramatta,1.227,1,13.05,21,4.15,2.97,19.98,33.24,0.0,0.0,8.8,24.44,-33.840641,151.007045,-33.829998,150.973029
D0004,6973e7a1-2af0-4263-81b9-153f266eac37,2025-10-02,2025-10-02T17:50:00,2025-10-02T18:00:00,0,0,1,0,INNER,Inner West,INNER,Inner West,1.23,1,4.17,10,4.15,0.96,6.38,14.14,0.0,0.0,3.74,10.4,-33.898042,151.137624,-33.874972,151.152781
D0004,a33822a3-24f9-44bc-bc95-90066252c5d3,2025-10-02,2025-10-02T17:56:00,2025-10-02T18:00:00,0,0,1,0,INNER,Inner West,INNER,Inner West,1.23,1,3.07,4,4.15,0.79,4.7,11.86,1.67,0.0,3.14,10.39,-33.902553,151.185191,-33.865314,151.107165
D0004,999f8c17-2fdc-4452-8abf-500d8cab0e78,2025-10-03,2025-10-03T17:52:00,2025-10-03T18:17:00,0,1,0,0,NB,Northern Beaches,INNER,Inner West,1.006,1,8.37,25,4.15,2.19,12.81,19.26,3.53,0.0,5.1,17.69,-33.766673,151.320536,-33.886229,151.187005
D0004,b47a5972-8e7b-4f15-819f-d4ea6336843f,2025-10-03,2025-10-03T17:56:00,2025-10-03T18:26:00,0,1,0,0,SOUTH,St George & Shire,SOUTH,St George & Shire,1.007,1,8.87,30,4.15,2.62,13.58,20.49,2.38,0.0,5.43,17.44,-34.011275,151.019142,-34.044854,151.040331
D0004,bac01140-4e07-4335-b352-32fd39310f9f,2025-10-03,2025-10-03T18:09:00,2025-10-03T18:22:00,0,1,0,0,SOUTH,St George & Shire,SOUTH,St George & Shire,1.007,1,5.05,13,4.15,1.14,7.73,13.11,0.0,0.0,3.47,9.64,-34.049179,151.057751,-34.006315,151.064575
D0004,41beb3ec-c086-44ae-b5cc-5798c9e3a863,2025-10-03,2025-10-03T18:17:00,2025-10-03T18:45:00,0,1,0,0,NB,Northern Beaches,NB,Northern Beaches,1.006,1,11.16,28,4.15,2.45,17.09,23.83,3.97,0.0,6.31,21.49,-33.712244,151.288939,-33.751952,151.258773
D0004,5858eb07-a22a-4733-8662-04f2b675c80d,2025-10-03,2025-10-03T18:21:00,2025-10-03T18:41:00,0,1,0,0,INNER,Inner West,CBD,CBD & Haymarket,1.012,1,8.65,20,4.15,1.75,13.24,19.37,0.0,0.0,5.13,14.24,-33.890578,151.105267,-33.864102,151.20057
D0004,e9a244d6-31a0-4389-a9a8-5fd66456c149,2025-10-03,2025-10-03T18:27:00,2025-10-03T18:37:00,0,1,0,0,SOUTH,St George & Shire,SOUTH,St George & Shire,1.007,1,2.84,10,4.15,0.87,4.35,9.44,0.0,0.0,2.5,6.94,-34.055578,151.016334,-33.98092,151.025605
D0004,95de6236-6cad-4849-aacd-e43e74bd7908,2025-10-03,2025-10-03T18:56:00,2025-10-03T19:23:00,0,1,0,0,NB,Northern Beaches,NB,Northern Beaches,1.006,1,10.2,27,4.15,2.36,15.62,22.26,0.0,0.0,5.89,16.37,-33.697108,151.309102,-33.724035,151.349868
D0004,6d82db79-6404-4d17-bcb7-a5683c086783,2025-10-03,2025-10-03T19:10:00,2025-10-03T19:37:00,0,1,0,0,NORTH,Lower North Shore,NORTH,Lower North Shore,1.015,1,9.47,27,4.15,2.36,14.5,21.33,0.0,0.0,5.65,15.68,-33.805592,151.233238,-33.823656,151.210195
D0004,81dea827-8e50-4b9e-a3ff-594670a16348,2025-10-03,2025-10-03T19:30:00,2025-10-03T19:45:00,0,1,0,0,WEST,Western Sydney,WEST,Western Sydney,1.006,1,5.84,15,4.15,1.31,8.94,14.48,0.0,0.0,3.83,10.65,-33.805533,150.83745,-33.774144,150.838819
D0004,1b300d44-1e6e-41ba-b9ac-2989ffde4c12,2025-10-03,2025-10-03T19:46:00,2025-10-03T19:54:00,0,1,0,0,INNER,Inner West,INNER,Inner West,1.012,1,2.42,8,4.15,0.7,3.7,8.65,0.0,0.0,2.29,6.36,-33.859147,151.105091,-33.890705,151.087385
D0004,63aaa7d8-0c58-4388-8824-18e02b6d9b5b,2025-10-04,2025-10-04T09:39:00,2025-10-04T10:03:00,0,1,0,1,INNER,Inner West,EAST,Eastern Suburbs,1.225,1,8.62,24,4.15,2.1,13.2,23.83,0.0,0.0,6.31,17.52,-33.891679,151.102525,-33.881866,151.210947
D0004,468bce13-3a26-4e50-85c5-09824fc2eaf9,2025-10-04,2025-10-04T09:50:00,2025-10-04T10:22:00,0,1,0,1,WEST,Western Sydney,WEST,Western Sydney,1.218,1,10.72,32,4.15,2.8,16.41,28.44,0.0,0.0,7.53,20.91,-33.727637,150.822872,-33.743325,150.820249
D0004,8a8906a5-984b-45a3-997e-1a05795cae17,2025-10-04,2025-10-04T10:10:00,2025-10-04T10:36:00,0,1,0,1,EAST,Eastern Suburbs,EAST,Eastern Suburbs,1.229,1,8.4,26,4.15,2.27,12.86,23.69,0.0,0.0,6.27,17.42,-33.883105,151.24972,-33.876288,151.261416
D0004,947632c8-bab0-499c-bad3-5f8e6ab6da84,2025-10-04,2025-10-04T10:18:00,2025-10-04T10:42:00,0,1,0,1,CBD,CBD & Haymarket,CBD,CBD & Haymarket,1.24,1,7.82,24,4.15,2.1,11.97,22.59,2.88,0.0,5.98,19.49,-33.876026,151.228251,-33.893455,151.196586
D0004,c31d6767-9c71-43ec-8e65-1e1e9a49b764,2025-10-04,2025-10-04T11:11:00,2025-10-04T11:33:00,0,1,0,1,INNER,Inner West,EAST,Eastern Suburbs,1.225,1,9.86,22,4.15,1.92,15.1,25.93,0.0,0.0,6.87,19.06,-33.906399,151.10431,-33.926221,151.258316
D0004,d29b4685-444d-4480-b85a-c520865fc072,2025-10-04,2025-10-04T16:25:00,2025-10-04T16:48:00,0,1,0,1,CBD,CBD & Haymarket,CBD,CBD & Haymarket,1.24,1,8.89,23,4.15,2.01,13.61,24.52,0.0,0.0,6.49,18.03,-33.878523,151.207633,-33.854398,151.204417
D0004,44b65015-ff44-4112-b610-a0bf404429f0,2025-10-04,2025-10-04T16:32:00,2025-10-04T16:55:00,0,1,0,1,NB,Northern Beaches,NB,Northern Beaches,1.218,1,6.8,23,4.15,2.01,10.41,20.17,0.0,0.0,5.34,14.83,-33.769136,151.31512,-33.684276,151.289579
D0004,998325c0-b719-4226-ac56-3f9443e06457,2025-10-04,2025-10-04T16:40:00,2025-10-04T17:00:00,0,1,0,1,CBD,CBD & Haymarket,CBD,CBD & Haymarket,1.24,1,6.41,20,4.15,1.75,9.81,19.48,0.0,0.0,5.16,14.32,-33.892337,151.206802,-33.879065,151.231373
D0004,24ac7d9b-4f1f-43e0-8b1c-c1ae8879c339,2025-10-04,2025-10-04T16:58:00,2025-10-04T17:22:00,0,1,0,1,NB,Northern Beaches,NORTH,Lower North Shore,1.218,1,13.35,24,4.15,2.71,20.44,33.24,5.46,0.0,8.8,29.9,-33.722991,151.312795,-33.813343,151.247924
D0004,6841d3fb-1144-4335-9da1-359b300ea4dc,2025-10-04,2025-10-04T17:13:00,2025-10-04T17:22:00,0,1,0,1,PARRA,Parramatta,PARRA,Parramatta,1.221,1,12.55,9,4.15,2.8,19.21,31.95,0.0,0.0,8.46,23.49,-33.822239,151.026505,-33.800805,151.024969
D0004,f9c01eac-8f1c-4ff6-8f5f-13ccf1117f55,2025-10-04,2025-10-04T17:14:00,2025-10-04T17:22:00,0,1,0,1,CBD,CBD & Haymarket,CBD,CBD & Haymarket,1.24,1,4.46,8,4.15,1.05,6.83,14.92,0.0,0.0,3.95,10.97,-33.864597,151.231952,-33.874396,151.176503
D0004,86feace6-c2ea-4498-8633-60aaf7028a79,2025-10-05,2025-10-05T17:28:00,2025-10-05T17:44:00,0,1,1,1,PARRA,Parramatta,SOUTH,St George & Shire,1.472,1,6.61,16,4.15,1.4,10.12,23.06,0.0,0.0,6.11,16.95,-33.800087,151.023458,-33.980345,151.078003
D0004,123ea57c-ff21-4b26-9fd7-3ff22a7ec058,2025-10-05,2025-10-05T17:31:00,2025-10-05T18:05:00,0,1,1,1,INNER,Inner West,INNER,Inner West,1.476,1,11.86,34,4.15,2.97,18.16,37.32,0.0,0.0,9.88,27.44,-33.86954,151.103255,-33.883596,151.139819
D0004,958310c1-f2eb-4fcc-8a75-f796db74bf65,2025-10-05,2025-10-05T17:43:00,2025-10-05T17:53:00,0,1,1,1,PARRA,Parramatta,PARRA,Parramatta,1.472,1,3.43,10,4.15,0.87,5.25,15.12,0.0,0.0,4.0,11.12,-33.836308,150.968877,-33.804748,150.962693
D0004,448c29cc-426c-4280-a425-aea290be54fa,2025-10-05,2025-10-05T17:44:00,2025-10-05T18:14:00,0,1,1,1,INNER,Inner West,INNER,Inner West,1.476,1,8.83,30,4.15,2.62,13.52,29.96,4.98,0.0,7.93,27.01,-33.883904,151.121869,-33.919153,151.178373
D0004,95548321-3dfe-43ec-9a8c-9f25a62dc0f4,2025-10-05,2025-10-05T17:48:00,2025-10-05T18:07:00,0,1,1,1,SOUTH,St George & Shire,SOUTH,St George & Shire,1.469,1,5.67,19,4.15,1.66,8.68,21.29,0.0,0.0,5.64,15.65,-33.988007,151.019925,-34.043801,151.009999
D0004,8e03a41b-7c30-4376-a0c5-15354c5e36fd,2025-10-05,2025-10-05T17:55:00,2025-10-05T18:24:00,0,1,1,1,NORTH,Lower North Shore,SOUTH,St George & Shire,1.481,1,9.52,29,4.15,2.54,14.57,31.48,0.0,0.0,8.33,23.15,-33.850655,151.180275,-34.005719,151.051716
D0004,aaccc19b-9151-40ff-833d-74ca74a29fbf,2025-10-05,2025-10-05T18:24:00,2025-10-05T18:36:00,0,1,1,1,NB,Northern Beaches,NB,Northern Beaches,1.467,1,3.39,12,4.15,1.05,5.19,15.25,0.0,0.0,4.04,11.21,-33.763557,151.299608,-33.761207,151.251306
D0004,cd5cc5a2-052b-488c-a946-02297f4f65d2,2025-10-05,2025-10-05T18:24:00,2025-10-05T18:53:00,0,1,1,1,INNER,Inner West,CBD,CBD & Haymarket,1.476,1,9.49,29,4.15,2.54,14.53,31.33,6.26,0.0,8.3,29.29,-33.852929,151.164819,-33.884464,151.187629
D0004,96158455-c405-4837-b542-64ceddde3288,2025-10-05,2025-10-05T18:58:00,2025-10-05T19:29:00,0,1,1,1,CBD,CBD & Haymarket,CBD,CBD & Haymarket,1.494,1,8.9,31,4.15,2.71,13.63,30.62,0.0,0.0,8.11,22.51,-33.876887,151.19333,-33.861563,151.201446
D0004,42d6c210-ed32-46e6-83e8-0af931176167,2025-10-05,2025-10-05T19:17:00,2025-10-05T19:48:00,0,1,1,1,EAST,Eastern Suburbs,NB,Northern Beaches,1.481,1,13.64,31,4.15,2.71,20.88,41.08,0.0,0.0,10.88,30.2,-33.880984,151.285787,-33.72667,151.361507
D0004,d0fe4814-3e22-4c97-8f66-19eb3cf38263,2025-10-05,2025-10-05T19:26:00,2025-10-05T19:47:00,0,1,1,1,CBD,CBD & Haymarket,CBD,CBD & Haymarket,1.494,1,7.08,21,4.15,1.84,10.84,25.15,0.0,0.0,6.66,18.49,-33.887972,151.195736,-33.88948,151.203176
D0004,86ff7b10-142d-45dc-9b5f-874f1a4679f8,2025-10-05,2025-10-05T19:32:00,2025-10-05T19:54:00,0,1,1,1,PARRA,Parramatta,PARRA,Parramatta,1.472,1,8.1,22,4.15,1.92,12.4,27.19,0.0,0.0,7.2,19.99,-33.814599,151.025318,-33.776291,151.000674
D0004,29ebf700-888c-4494-a591-d28735a7e58e,2025-10-05,2025-10-05T19:45:00,2025-10-05T19:57:00,0,1,1,1,SOUTH,St George & Shire,SOUTH,St George & Shire,1.469,1,3.61,12,4.15,1.05,5.53,15.76,4.67,0.0,4.17,16.26,-34.005662,151.028298,-34.040621,151.119755
D0004,10d087fc-e2ff-4b8c-94c2-0f9da124f0f2,2025-10-06,2025-10-06T17:00:00,2025-10-06T17:23:00,0,0,0,0,EAST,Eastern Suburbs,EAST,Eastern Suburbs,1.0,0,7.38,23,4.15,2.01,11.3,17.46,0.0,0.0,4.62,12.84,-33.888013,151.278947,-33.919648,151.266291
D0004,07129d33-0a54-4e8d-9694-f5881695d756,2025-10-06,2025-10-06T17:14:00,2025-10-06T17:40:00,0,0,0,0,NB,Northern Beaches,NB,Northern Beaches,1.0,0,9.66,26,4.15,2.27,14.79,21.21,2.74,0.0,5.62,18.33,-33.688205,151.325151,-33.781445,151.316058
D0004,c716a3f4-41bb-4555-8bed-9e5898a46ada,2025-10-06,2025-10-06T17:31:00,2025-10-06T17:55:00,0,0,0,0,EAST,Eastern Suburbs,CBD,CBD & Haymarket,1.0,0,9.38,24,4.15,2.1,14.36,20.61,0.0,0.0,5.46,15.15,-33.862568,151.22858,-33.88238,151.223227
D0004,6cd6f431-26b1-4608-a2ad-18c0e257ba21,2025-10-06,2025-10-06T17:41:00,2025-10-06T18:01:00,0,0,0,0,CBD,CBD & Haymarket,CBD,CBD & Haymarket,1.0,0,6.65,20,4.15,1.75,10.18,16.08,0.0,0.0,4.26,11.82,-33.895518,151.202353,-33.84499,151.20214
D0004,a7aabd06-d322-4f0d-b3c3-307891f95c09,2025-10-06,2025-10-06T18:18:00,2025-10-06T18:34:00,0,0,0,0,PARRA,Parramatta,PARRA,Parramatta,1.0,0,4.61,16,4.15,1.4,7.06,12.61,4.74,0.0,3.34,14.01,-33.799142,150.993373,-33.843027,150.967
D0004,c90c69ee-ca6b-49ad-825b-ebb018fee8a9,2025-10-06,2025-10-06T18:30:00,2025-10-06T18:38:00,0,0,0,0,WEST,Western Sydney,CBD,CBD & Haymarket,1.0,0,10.55,8,4.15,2.01,16.15,22.31,1.95,0.0,5.91,18.35,-33.788626,150.80794,-33.846652,151.212129
D0004,a821282d-e309-4448-a14c-3a4edf1eff21,2025-10-06,2025-10-06T18:31:00,2025-10-06T18:38:00,0,0,0,0,WEST,Western Sydney,WEST,Western Sydney,1.0,0,8.2,7,4.15,1.84,12.55,18.54,0.0,0.0,4.91,13.63,-33.811435,150.852509,-33.808694,150.818706
D0004,a13a3296-070c-441e-81a5-04965e81d6a9,2025-10-07,2025-10-07T08:27:00,2025-10-07T08:54:00,0,0,0,1,EAST,Eastern Suburbs,EAST,Eastern Suburbs,1.251,1,9.7,27,4.15,2.36,14.85,26.73,0.0,0.0,7.08,19.65,-33.865657,151.248473,-33.920288,151.27077
D0004,b719d6be-5124-4fdd-bbb4-9c63880e93e6,2025-10-07,2025-10-07T08:40:00,2025-10-07T09:00:00,0,0,0,1,EAST,Eastern Suburbs,EAST,Eastern Suburbs,1.251,1,6.29,20,4.15,1.75,9.63,19.43,0.0,0.0,5.14,14.29,-33.91978,151.239226,-33.89656,151.230119
D0004,d8012d9f-3bbe-4d0e-9f8a-69ca3edcb7c6,2025-10-07,2025-10-07T08:50:00,2025-10-07T09:14:00,0,0,0,1,WEST,Western Sydney,WEST,Western Sydney,1.24,1,8.57,24,4.15,2.1,13.12,24.01,0.0,0.0,6.36,17.65,-33.714305,150.822973,-33.724679,150.78152
D0004,4bd45d6c-c654-4541-8860-f3f7c7b7d6a5,2025-10-07,2025-10-07T08:55:00,2025-10-07T09:06:00,0,0,0,1,EAST,Eastern Suburbs,WEST,Western Sydney,1.251,1,3.78,11,4.15,0.96,5.79,13.64,0.0,0.0,3.61,10.03,-33.914576,151.229495,-33.816836,150.818943
D0004,07746374-ea14-4876-b741-39c9ba74bc7c,2025-10-07,2025-10-07T08:56:00,2025-10-07T09:20:00,0,0,0,1,PARRA,Parramatta,SOUTH,St George & Shire,1.244,1,10.09,24,4.15,2.1,15.45,26.98,5.16,0.0,7.14,25.0,-33.784994,150.989862,-33.991563,151.060428
D0004,b36a8280-2c3b-4c60-a1da-dd9d6563f999,2025-10-07,2025-10-07T09:17:00,2025-10-07T09:28:00,0,0,0,1,PARRA,Parramatta,PARRA,Parramatta,1.244,1,2.99,11,4.15,0.96,4.58,12.05,0.0,0.0,3.19,8.86,-33.851144,150.992995,-33.831201,150.97893
D0004,ec403105-dee5-49ca-9932-5748c5d51690,2025-10-07,2025-10-07T09:36:00,2025-10-07T09:52:00,0,0,0,1,NB,Northern Beaches,NB,Northern Beaches,1.24,1,5.87,16,4.15,1.4,8.99,18.03,0.0,0.0,4.77,13.26,-33.774886,151.307144,-33.769678,151.312306
D0004,9e99eb92-e5cc-4eea-a129-80aab8a89a26,2025-10-07,2025-10-07T09:57:00,2025-10-07T10:14:00,0,0,0,1,EAST,Eastern Suburbs,WEST,Western Sydney,1.251,1,6.14,17,4.15,1.49,9.4,18.82,0.0,0.0,4.98,13.84,-33.878222,151.273219,-33.785898,150.755264
D0004,817541fb-5ac3-4aed-9d38-65ab94d96f32,2025-10-08,2025-10-08T17:13:00,2025-10-08T17:35:00,0,0,1,0,NORTH,Lower North Shore,NORTH,Lower North Shore,1.277,1,7.55,22,4.15,1.92,11.56,22.51,0.0,0.0,5.96,16.55,-33.828995,151.209415,-33.840747,151.211741
D0004,858ddd9c-0fd3-41d2-85c4-2ee1591cbd2b,2025-10-08,2025-10-08T18:17:00,2025-10-08T18:27:00,0,0,1,0,INNER,Inner West,INNER,Inner West,1.273,1,3.1,10,4.15,0.87,4.75,12.44,0.0,0.0,3.29,9.15,-33.855387,151.16902,-33.874704,151.156526
D0004,3968f6cc-7e3a-4616-b983-65a34cb5f54a,2025-10-08,2025-10-08T18:49:00,2025-10-08T19:19:00,0,0,1,0,INNER,Inner West,INNER,Inner West,1.273,1,10.85,30,4.15,2.62,16.61,29.76,2.4,0.0,7.88,24.28,-33.918839,151.142713,-33.888662,151.187625
D0004,44847736-7187-4458-98a2-0a7a1678430f,2025-10-08,2025-10-08T19:00:00,2025-10-08T19:29:00,0,0,1,0,EAST,Eastern Suburbs,EAST,Eastern Suburbs,1.277,1,11.04,29,4.15,2.54,16.9,30.12,0.0,0.0,7.97,22.15,-33.915793,151.215435,-33.911839,151.22879
D0004,53c149a2-9bdc-430f-98c7-292bcc667563,2025-10-08,2025-10-08T19:01:00,2025-10-08T19:27:00,0,0,1,0,NB,Northern Beaches,NB,Northern Beaches,1.265,1,7.98,26,4.15,2.27,12.22,23.58,0.0,0.0,6.24,17.34,-33.748345,151.353113,-33.725936,151.31377
D0004,4a12698e-4b95-481d-af1d-e2401f428ee4,2025-10-08,2025-10-08T19:14:00,2025-10-08T19:48:00,0,0,1,0,WEST,Western Sydney,WEST,Western Sydney,1.265,1,10.43,34,4.15,2.97,15.97,29.22,1.54,0.0,7.74,23.02,-33.786682,150.781891,-33.814348,150.770363
D0004,d91fb0c4-a6e5-4aae-9d6d-b4166a12d3fb,2025-10-08,2025-10-08T19:26:00,2025-10-08T19:51:00,0,0,1,0,NORTH,Lower North Shore,NORTH,Lower North Shore,1.277,1,6.91,25,4.15,2.19,10.58,21.61,0.0,0.0,5.72,15.89,-33.83499,151.217685,-33.806909,151.224044
D0004,fce8ba5c-6a1f-4755-83d0-163e87b23264,2025-10-08,2025-10-08T20:08:00,2025-10-08T20:27:00,0,0,1,0,NORTH,Lower North Shore,NORTH,Lower North Shore,1.277,1,6.04,19,4.15,1.66,9.25,19.23,2.32,0.0,5.09,16.46,-33.836682,151.235778,-33.812561,151.178948
D0004,99662eaf-ec37-4b93-b78b-46bb9d76526d,2025-10-09,2025-10-09T10:08:00,2025-10-09T10:34:00,0,0,0,0,EAST,Eastern Suburbs,NORTH,Lower North Shore,1.0,0,8.8,26,4.15,2.27,13.47,19.89,0.0,0.0,5.27,14.62,-33.861974,151.259827,-33.806244,151.18769
D0004,23746ad8-b67d-463d-9bcf-9adb88b4e801,2025-10-09,2025-10-09T16:12:00,2025-10-09T16:37:00,0,0,0,0,WEST,Western Sydney,WEST,Western Sydney,1.0,0,8.98,25,4.15,2.19,13.75,20.09,1.68,0.0,5.32,16.45,-33.75611,150.833121,-33.763727,150.881733
D0004,4aff7437-071a-408d-a5f9-ff19cc624fb6,2025-10-09,2025-10-09T16:27:00,2025-10-09T16:45:00,0,0,0,0,NORTH,Lower North Shore,EAST,Eastern Suburbs,1.0,0,6.25,18,4.15,1.57,9.57,15.29,5.41,0.0,4.05,16.65,-33.849721,151.242401,-33.886697,151.228911
D0004,43c9b295-e54d-482e-b7c0-019c31f21a6b,2025-10-09,2025-10-09T16:28:00,2025-10-09T16:42:00,0,0,0,0,CBD,CBD & Haymarket,CBD,CBD & Haymarket,1.0,0,5.56,14,4.15,1.22,8.51,13.88,0.0,0.0,3.67,10.21,-33.881003,151.209002,-33.852193,151.227292
D0004,1a7e2bc2-11f4-43e7-8c72-8a9b8c564dba,2025-10-09,2025-10-09T16:32:00,2025-10-09T16:59:00,0,0,0,0,CBD,CBD & Haymarket,INNER,Inner West,1.0,0,10.18,27,4.15,2.36,15.59,22.1,0.0,0.0,5.85,16.25,-33.881408,151.232971,-33.869912,151.103556
D0004,4b88875e-1326-46a3-a137-447777c59f40,2025-10-09,2025-10-09T17:28:00,2025-10-09T17:50:00,0,0,0,0,CBD,CBD & Haymarket,NB,Northern Beaches,1.0,0,9.74,22,4.15,1.92,14.91,20.98,0.0,0.0,5.55,15.43,-33.860767,151.228867,-33.750217,151.244557
D0004,9f7f3bcc-222b-4d23-941c-9123973d5877,2025-10-09,2025-10-09T17:41:00,2025-10-09T17:56:00,0,0,0,0,WEST,Western Sydney,INNER,Inner West,1.0,0,5.34,15,4.15,1.31,8.18,13.64,0.0,0.0,3.61,10.03,-33.773614,150.856454,-33.87392,151.111763
D0004,56a41cc4-6aee-4785-bb3d-13a083cb1797,2025-10-09,2025-10-09T18:11:00,2025-10-09T18:12:00,0,0,0,0,PARRA,Parramatta,PARRA,Parramatta,1.0,0,8.6,1,4.15,1.92,13.17,19.24,0.0,0.0,5.09,14.15,-33.825019,151.03035,-33.829141,151.025914
D0004,40ae1eb5-48de-4ccf-ba01-f312dc8d2ebc,2025-10-10,2025-10-10T17:07:00,2025-10-10T17:41:00,0,1,0,0,EAST,Eastern Suburbs,EAST,Eastern Suburbs,1.066,1,12.86,34,4.15,2.97,19.69,28.58,0.0,0.0,7.57,21.01,-33.859621,151.253292,-33.882494,151.211886
D0004,aa6f0595-83bb-4014-b60d-e9bebb93a137,2025-10-10,2025-10-10T17:35:00,2025-10-10T18:00:00,0,1,0,0,INNER,Inner West,INNER,Inner West,1.063,1,8.0,25,4.15,2.19,12.25,19.76,0.0,0.0,5.23,14.53,-33.922107,151.112859,-33.859527,151.102342
D0004,b739d4f4-b9f9-439e-9f3f-f9913bd473c7,2025-10-10,2025-10-10T17:46:00,2025-10-10T18:01:00,0,1,0,0,PARRA,Parramatta,PARRA,Parramatta,1.06,1,4.53,15,4.15,1.31,6.94,13.14,0.0,0.0,3.48,9.66,-33.810964,150.982324,-33.836234,151.003686
D0004,c1902250-9202-44b4-8293-685bb02c54b6,2025-10-10,2025-10-10T17:51:00,2025-10-10T18:06:00,0,1,0,0,WEST,Western Sydney,WEST,Western Sydney,1.056,1,4.57,15,4.15,1.31,7.0,13.16,0.0,0.0,3.48,9.68,-33.731393,150.852485,-33.757799,150.815624
D0004,37861fa5-151a-40a1-94c4-2a8e5d4124e6,2025-10-10,2025-10-10T18:03:00,2025-10-10T18:29:00,0,1,0,0,EAST,Eastern Suburbs,EAST,Eastern Suburbs,1.066,1,7.98,26,4.15,2.27,12.22,19.87,3.85,0.0,5.26,18.46,-33.873947,151.251845,-33.891952,151.288102
D0004,1a782ec8-35dd-4a71-a01e-6b3512e1e153,2025-10-10,2025-10-10T18:12:00,2025-10-10T18:30:00,0,1,0,0,NORTH,Lower North Shore,NORTH,Lower North Shore,1.066,1,6.27,18,4.15,1.57,9.6,16.33,0.0,0.0,4.32,12.01,-33.855125,151.220553,-33.823408,151.241574
D0004,7c240aa7-a70e-41c2-bd23-5ffeaa467087,2025-10-10,2025-10-10T18:31:00,2025-10-10T18:51:00,0,1,0,0,PARRA,Parramatta,PARRA,Parramatta,1.06,1,7.38,20,4.15,1.75,11.3,18.22,0.0,0.0,4.82,13.4,-33.828359,151.03037,-33.818449,150.963716
D0004,572779ec-5188-4b0b-ac09-2adbeb2b674e,2025-10-10,2025-10-10T18:55:00,2025-10-10T19:28:00,0,1,0,0,WEST,Western Sydney,WEST,Western Sydney,1.056,1,12.41,33,4.15,2.89,19.0,27.51,1.83,0.0,7.28,22.06,-33.743605,150.806605,-33.807032,150.749918
D0004,7ed4872e-83fd-474e-adf1-976ddad243f1,2025-10-10,2025-10-10T19:02:00,2025-10-10T19:25:00,0,1,0,0,CBD,CBD & Haymarket,CBD,CBD & Haymarket,1.076,1,6.55,23,4.15,2.01,10.03,17.42,0.0,0.0,4.61,12.81,-33.886718,151.22301,-33.849835,151.208474
D0004,b7d81344-bb88-49f2-9fbe-4b14c20001fc,2025-10-10,2025-10-10T19:05:00,2025-10-10T19:27:00,0,1,0,0,EAST,Eastern Suburbs,EAST,Eastern Suburbs,1.066,1,7.96,22,4.15,1.92,12.19,19.47,0.0,0.0,5.16,14.31,-33.900502,151.221472,-33.905434,151.224939
D0004,6bf86ab9-7678-49af-9f7b-a8267512ce42,2025-10-10,2025-10-10T19:49:00,2025-10-10T20:16:00,0,1,0,0,NORTH,Lower North Shore,NORTH,Lower North Shore,1.066,1,10.34,27,4.15,2.36,15.83,23.82,0.0,0.0,6.31,17.51,-33.800473,151.234253,-33.826642,151.237286
D0004,77307be7-dd9e-4aad-85f8-767ca96ac1ba,2025-10-11,2025-10-11T10:38:00,2025-10-11T10:59:00,0,1,0,1,INNER,Inner West,INNER,Inner West,1.142,1,7.34,21,4.15,1.84,11.24,19.67,3.34,0.0,5.21,17.8,-33.887076,151.099828,-33.922128,151.136785
D0004,3dddd8ad-ebc9-4586-a178-be8628b7642f,2025-10-11,2025-10-11T10:38:00,2025-10-11T11:07:00,0,1,0,1,INNER,Inner West,INNER,Inner West,1.142,1,10.55,29,4.15,2.54,16.15,26.07,0.0,0.0,6.9,19.17,-33.930762,151.159557,-33.912729,151.095798
D0004,0ce52e91-ec01-4b4d-8660-d316baf549aa,2025-10-11,2025-10-11T10:48:00,2025-10-11T11:14:00,0,1,0,1,WEST,Western Sydney,WEST,Western Sydney,1.135,1,7.19,26,4.15,2.27,11.01,19.77,0.0,0.0,5.23,14.54,-33.758372,150.74854,-33.738575,150.824817
D0004,2ff5da16-60bc-4b24-8b54-220f44fb3ccc,2025-10-11,2025-10-11T11:15:00,2025-10-11T11:37:00,0,1,0,1,INNER,Inner West,INNER,Inner West,1.142,1,7.14,22,4.15,1.92,10.93,19.41,0.0,0.0,5.14,14.27,-33.901029,151.129481,-33.847183,151.155988
D0004,31295d8e-fda1-4479-a991-c7f4764ee923,2025-10-11,2025-10-11T15:33:00,2025-10-11T16:00:00,0,1,0,1,INNER,Inner West,EAST,Eastern Suburbs,1.142,1,8.39,27,4.15,2.36,12.84,22.09,0.0,0.0,5.85,16.24,-33.853543,151.109647,-33.91396,151.257421
D0004,d6436ae8-64bd-4b82-9b74-201547cbd620,2025-10-11,2025-10-11T17:37:00,2025-10-11T18:05:00,0,1,0,1,EAST,Eastern Suburbs,EAST,Eastern Suburbs,1.145,1,8.91,28,4.15,2.45,13.64,23.17,0.0,0.0,6.13,17.04,-33.898331,151.260499,-33.9175,151.232603
D0004,dfb04d23-d820-496b-a0d7-4b4b7e9f2c6c,2025-10-11,2025-10-11T17:50:00,2025-10-11T18:14:00,0,1,0,1,CBD,CBD & Haymarket,CBD,CBD & Haymarket,1.155,1,9.1,24,4.15,2.1,13.93,23.32,0.0,0.0,6.17,17.15,-33.84614,151.193888,-33.873369,151.222658
D0004,20909410-31f0-4e18-b292-bfd2adb38673,2025-10-11,2025-10-11T18:11:00,2025-10-11T18:41:00,0,1,0,1,WEST,Western Sydney,WEST,Western Sydney,1.135,1,8.93,30,4.15,2.62,13.67,23.19,3.73,0.0,6.14,20.78,-33.779425,150.815938,-33.812457,150.818944
D0004,c4d1b05f-f1d5-4f3f-a832-2bd53ce69b00,2025-10-11,2025-10-11T18:35:00,2025-10-11T18:49:00,0,1,0,1,EAST,Eastern Suburbs,INNER,Inner West,1.145,1,5.76,14,4.15,1.22,8.82,16.25,3.71,0.0,4.3,15.66,-33.880934,151.274781,-33.874618,151.122127
D0004,f52a9bac-00cb-434b-9298-7f20422efc06,2025-10-11,2025-10-11T18:43:00,2025-10-11T19:02:00,0,1,0,1,CBD,CBD & Haymarket,CBD,CBD & Haymarket,1.155,1,6.64,19,4.15,1.66,10.17,18.46,0.0,0.0,4.89,13.57,-33.858421,151.183327,-33.87307,151.232994
D0004,e3fb6067-3550-4fc5-a906-6a00cd959505,2025-10-11,2025-10-11T18:56:00,2025-10-11T19:16:00,0,1,0,1,WEST,Western Sydney,WEST,Western Sydney,1.135,1,5.95,20,4.15,1.75,9.11,17.03,0.0,0.0,4.51,12.52,-33.793121,150.765285,-33.781865,150.800965
D0004,99f53ed9-33d2-45d7-83d2-48fb8156b327,2025-10-12,2025-10-12T16:28:00,2025-10-12T16:43:00,0,1,0,1,INNER,Inner West,INNER,Inner West,1.173,1,5.93,15,4.15,1.31,9.08,17.06,0.0,0.0,4.52,12.54,-33.885791,151.131536,-33.911723,151.111428
D0004,99f80887-b6e1-4364-b37f-4a6913ab728f,2025-10-12,2025-10-12T17:24:00,2025-10-12T17:37:00,0,1,0,1,WEST,Western Sydney,WEST,Western Sydney,1.166,1,3.96,13,4.15,1.14,6.06,13.24,0.0,0.0,3.51,9.73,-33.746724,150.839127,-33.726846,150.846858
D0004,76934423-a3ea-43e3-afe4-91862093cbfa,2025-10-12,2025-10-12T17:28:00,2025-10-12T17:42:00,0,1,0,1,CBD,CBD & Haymarket,WEST,Western Sydney,1.188,1,4.91,14,4.15,1.22,7.52,15.31,0.0,0.0,4.05,11.26,-33.852109,151.205217,-33.737551,150.832027
D0004,9d0e8df1-91b2-469e-8064-fd62bfc83eb5,2025-10-12,2025-10-12T17:30:00,2025-10-12T17:57:00,0,1,0,1,CBD,CBD & Haymarket,CBD,CBD & Haymarket,1.188,1,7.86,27,4.15,2.36,12.03,22.02,0.0,0.0,5.83,16.19,-33.85451,151.211094,-33.866791,151.186497
D0004,3136dcfe-a101-49d5-b53a-52a4c16f6af0,2025-10-12,2025-10-12T17:55:00,2025-10-12T18:10:00,0,1,0,1,CBD,CBD & Haymarket,WEST,Western Sydney,1.188,1,6.49,15,4.15,1.31,9.94,18.29,0.0,0.0,4.84,13.45,-33.892532,151.210007,-33.765497,150.789016
D0004,927cf3d5-9f29-4d81-be47-089f7b471b36,2025-10-12,2025-10-12T18:13:00,2025-10-12T18:40:00,0,1,0,1,NORTH,Lower North Shore,PARRA,Parramatta,1.177,1,9.43,27,4.15,2.36,14.44,24.66,2.9,0.0,6.53,21.03,-33.834488,151.234016,-33.84762,151.021377
D0004,fcb4fbf9-716e-4930-b63b-87070ff33e02,2025-10-12,2025-10-12T18:15:00,2025-10-12T18:34:00,0,1,0,1,SOUTH,St George & Shire,SOUTH,St George & Shire,1.168,1,5.58,19,4.15,1.66,8.54,16.76,1.18,0.0,4.44,13.5,-34.045749,151.086076,-34.068305,151.061431
D0004,ef29855b-94bf-46aa-a4af-fdd464d326df,2025-10-12,2025-10-12T18:21:00,2025-10-12T18:45:00,0,1,0,1,PARRA,Parramatta,PARRA,Parramatta,1.17,1,7.63,24,4.15,2.1,11.68,20.97,0.0,0.0,5.55,15.42,-33.846609,151.015571,-33.80502,151.026241
D0004,fe4d843d-2bf8-4ef6-a6ea-16abed69b80b,2025-10-12,2025-10-12T18:26:00,2025-10-12T18:59:00,0,1,0,1,PARRA,Parramatta,PARRA,Parramatta,1.17,1,9.12,33,4.15,2.89,13.96,24.57,0.0,0.0,6.51,18.06,-33.851697,151.000564,-33.838235,150.99316
D0004,8c439e72-ee85-4f7c-a399-c97c3be50a4a,2025-10-12,2025-10-12T18:37:00,2025-10-12T18:58:00,0,1,0,1,INNER,Inner West,NB,Northern Beaches,1.173,1,6.9,21,4.15,1.84,10.56,19.42,2.91,0.0,5.14,17.19,-33.880912,151.166187,-33.740254,151.354812
D0004,dff7737c-5313-46f6-b59e-3bd403141464,2025-10-12,2025-10-12T18:54:00,2025-10-12T19:11:00,0,1,0,1,SOUTH,St George & Shire,SOUTH,St George & Shire,1.168,1,6.72,17,4.15,1.49,10.29,18.6,0.0,0.0,4.92,13.68,-33.994385,151.041033,-34.003977,151.102384
D0004,b2d30e62-755e-46e4-9223-624b985de807,2025-10-12,2025-10-12T19:00:00,2025-10-12T19:09:00,0,1,0,1,PARRA,Parramatta,INNER,Inner West,1.17,1,3.31,9,4.15,0.79,5.07,11.71,5.02,0.0,3.1,13.63,-33.779347,150.980091,-33.893584,151.182341
D0004,6325e368-86a8-44bd-a5f4-12bc1d8e35b0,2025-10-12,2025-10-12T19:41:00,2025-10-12T20:08:00,0,1,0,1,INNER,Inner West,INNER,Inner West,1.173,1,10.37,27,4.15,2.36,15.88,26.27,0.0,0.0,6.96,19.31,-33.933778,151.145153,-33.84948,151.117059
D0004,4bbfd50b-65b0-4d8c-8834-10d5ba9a042b,2025-10-13,2025-10-13T14:48:00,2025-10-13T15:12:00,0,0,1,0,CBD,CBD & Haymarket,CBD,CBD & Haymarket,1.236,1,6.8,24,4.15,2.1,10.41,20.59,0.0,0.0,5.45,15.14,-33.874412,151.228511,-33.859369,151.203173
D0004,6d12b83f-3986-42de-ab92-22f01a88f840,2025-10-13,2025-10-13T17:12:00,2025-10-13T17:38:00,0,0,1,0,PARRA,Parramatta,PARRA,Parramatta,1.217,1,8.4,26,4.15,2.27,12.86,23.47,0.0,0.0,6.21,17.26,-33.780947,151.009406,-33.827635,150.979921
D0004,e0a4a195-a45d-4a45-a0c9-efbab00ad408,2025-10-13,2025-10-13T17:33:00,2025-10-13T17:51:00,0,0,1,0,SOUTH,St George & Shire,PARRA,Parramatta,1.215,1,7.26,18,4.15,1.57,11.11,20.45,0.0,0.0,5.41,15.04,-34.031185,151.000324,-33.825931,150.976333
D0004,7db876b4-c471-4e97-9820-b1f071301b0d,2025-10-13,2025-10-13T18:01:00,2025-10-13T18:15:00,0,0,1,0,NB,Northern Beaches,NB,Northern Beaches,1.214,1,4.16,14,4.15,1.22,6.37,14.25,3.45,0.0,3.77,13.93,-33.757724,151.270624,-33.711633,151.319291
D0004,523ae988-c2b9-430c-b942-a79b24d9101c,2025-10-13,2025-10-13T18:09:00,2025-10-13T18:28:00,0,0,1,0,WEST,Western Sydney,WEST,Western Sydney,1.214,1,5.37,19,4.15,1.66,8.22,17.03,0.0,0.0,4.51,12.52,-33.736922,150.829622,-33.756545,150.871302
D0004,9500f5e1-4898-4a1c-b7a4-5a83ecf0ec57,2025-10-13,2025-10-13T18:09:00,2025-10-13T18:25:00,0,0,1,0,NORTH,Lower North Shore,NORTH,Lower North Shore,1.225,1,5.28,16,4.15,1.4,8.08,16.69,0.0,0.0,4.42,12.27,-33.823907,151.193688,-33.813074,151.189897
D0004,a25e5bb3-37f5-4fdd-a459-6ff47e690a92,2025-10-13,2025-10-13T18:19:00,2025-10-13T18:35:00,0,0,1,0,CBD,CBD & Haymarket,NORTH,Lower North Shore,1.236,1,5.95,16,4.15,1.4,9.11,18.12,0.0,0.0,4.8,13.32,-33.870841,151.178562,-33.835424,151.232926
D0004,a198c0b8-66bb-4012-8186-b771edfb3543,2025-10-13,2025-10-13T18:21:00,2025-10-13T18:53:00,0,0,1,0,PARRA,Parramatta,PARRA,Parramatta,1.217,1,9.31,32,4.15,2.8,14.25,25.81,0.0,0.0,6.83,18.98,-33.844569,150.978738,-33.804297,150.9735
D0004,284bca03-a349-4e10-8b75-cdee76e41b43,2025-10-14,2025-10-14T11:56:00,2025-10-14T12:23:00,0,0,0,0,SOUTH,St George & Shire,SOUTH,St George & Shire,1.0,0,7.23,27,4.15,2.36,11.07,17.58,0.0,0.0,4.65,12.93,-34.010934,151.068848,-34.041344,151.11748
D0004,bd32c008-0f53-4b81-a457-93bc0ddbca59,2025-10-14,2025-10-14T16:50:00,2025-10-14T17:05:00,0,0,0,0,EAST,Eastern Suburbs,EAST,Eastern Suburbs,1.0,0,5.14,15,4.15,1.31,7.87,13.33,0.0,0.0,3.53,9.8,-33.901162,151.223884,-33.87269,151.262278
D0004,79786f27-bc55-4ba2-b21e-126b97967e99,2025-10-14,2025-10-14T17:04:00,2025-10-14T17:24:00,0,0,0,0,PARRA,Parramatta,PARRA,Parramatta,1.0,0,6.78,20,4.15,1.75,10.38,16.28,0.0,0.0,4.31,11.97,-33.846108,150.994632,-33.812095,150.960829
D0004,d24fcd55-3b25-48d7-a779-05e96e64f0b1,2025-10-14,2025-10-14T17:14:00,2025-10-14T17:47:00,0,0,0,0,CBD,CBD & Haymarket,CBD,CBD & Haymarket,1.0,0,12.31,33,4.15,2.89,18.85,25.89,0.0,0.0,6.85,19.04,-33.846583,151.20599,-33.887519,151.190872
D0004,0e49e811-d7ad-494f-bd30-725f5002fcb3,2025-10-14,2025-10-14T17:15:00,2025-10-14T17:48:00,0,0,0,0,SOUTH,St George & Shire,SOUTH,St George & Shire,1.0,0,10.86,33,4.15,2.89,16.63,23.67,0.0,0.0,6.27,17.4,-34.022567,151.044455,-34.030372,151.066961
D0004,333953bd-ea6c-435a-94cd-d7ffd46e25bd,2025-10-14,2025-10-14T17:24:00,2025-10-14T17:33:00,0,0,0,0,PARRA,Parramatta,PARRA,Parramatta,1.0,0,3.34,9,4.15,0.79,5.11,10.05,0.0,0.0,2.66,7.39,-33.79886,150.968817,-33.788328,150.974658
D0004,144277d1-7491-413f-849c-c0662015a6c7,2025-10-14,2025-10-14T17:39:00,2025-10-14T17:54:00,0,0,0,0,EAST,Eastern Suburbs,NORTH,Lower North Shore,1.0,0,9.24,15,4.15,2.36,14.15,20.66,4.06,0.0,5.47,19.25,-33.874145,151.241236,-33.836976,151.180122
D0004,71cf20f0-fe76-46f8-a7c9-b4319a377341,2025-10-15,2025-10-15T09:28:00,2025-10-15T09:36:00,0,0,0,0,SOUTH,St George & Shire,SOUTH,St George & Shire,1.0,0,2.79,8,4.15,0.7,4.27,9.12,0.0,0.0,2.41,6.71,-34.063015,151.083551,-34.048274,151.036037
D0004,c0592b23-5406-4f2f-8090-5662fc2bddf4,2025-10-15,2025-10-15T09:46:00,2025-10-15T10:16:00,0,0,0,0,EAST,Eastern Suburbs,PARRA,Parramatta,1.0,0,11.81,30,4.15,2.62,18.08,24.85,0.0,0.0,6.58,18.27,-33.903613,151.218216,-33.836823,151.039957
D0004,9c146d24-e10f-4bb8-9994-36df7358cbd3,2025-10-15,2025-10-15T09:47:00,2025-10-15T09:58:00,0,0,0,0,INNER,Inner West,INNER,Inner West,1.0,0,4.21,11,4.15,0.96,6.45,11.56,0.0,0.0,3.06,8.5,-33.845937,151.1473,-33.895064,151.188473
D0004,253d6946-4548-4362-a788-a352a3497fe5,2025-10-15,2025-10-15T10:05:00,2025-10-15T10:27:00,0,0,0,0,CBD,CBD & Haymarket,CBD,CBD & Haymarket,1.0,0,6.81,22,4.15,1.92,10.43,16.5,0.0,0.0,4.37,12.13,-33.896133,151.200637,-33.851938,151.225377
D0004,0e1b9cb2-e93d-40c9-a1ae-b01273bafc23,2025-10-15,2025-10-15T10:40:00,2025-10-15T11:08:00,0,0,0,0,WEST,Western Sydney,NORTH,Lower North Shore,1.0,0,11.8,28,4.15,2.45,18.07,24.67,0.0,0.0,6.53,18.14,-33.797161,150.797341,-33.797208,151.214667
D0004,4712203d-c263-475f-b209-5997ee13cffd,2025-10-15,2025-10-15T10:52:00,2025-10-15T11:11:00,0,0,0,0,EAST,Eastern Suburbs,CBD,CBD & Haymarket,1.0,0,7.26,19,4.15,1.66,11.11,16.92,0.0,0.0,4.48,12.44,-33.894375,151.263069,-33.875321,151.20998
D0004,d655cff2-f4e2-4f6e-adcb-83637943599b,2025-10-15,2025-10-15T16:25:00,2025-10-15T16:29:00,0,0,0,0,PARRA,Parramatta,PARRA,Parramatta,1.0,0,5.83,4,4.15,1.57,8.93,14.65,0.0,0.0,3.88,10.77,-33.83342,150.982899,-33.826778,150.967405
D0004,bfd0945d-7d0f-435b-acc0-995c72515a9b,2025-10-16,2025-10-16T08:33:00,2025-10-16T08:43:00,0,0,0,0,CBD,CBD & Haymarket,PARRA,Parramatta,1.034,1,4.02,10,4.15,0.87,6.15,11.55,2.59,0.0,3.06,11.08,-33.8587,151.178846,-33.797687,151.017236
D0004,34368d70-3050-4af5-bbe0-0a8933bda307,2025-10-16,2025-10-16T08:55:00,2025-10-16T09:20:00,0,0,0,0,PARRA,Parramatta,NORTH,Lower North Shore,1.019,1,9.63,25,4.15,2.19,14.74,21.47,4.6,0.0,5.68,20.39,-33.846315,151.01952,-33.85023,151.195162
D0004,2793ab7e-93db-4034-af2f-4e48f1ef53fb,2025-10-16,2025-10-16T08:56:00,2025-10-16T09:18:00,0,0,0,0,WEST,Western Sydney,WEST,Western Sydney,1.016,1,7.18,22,4.15,1.92,10.99,17.33,0.0,0.0,4.59,12.74,-33.805671,150.790822,-33.797527,150.771981
D0004,1831dc2a-fccb-4127-bbed-714ef6c69bd0,2025-10-16,2025-10-16T09:21:00,2025-10-16T09:49:00,0,0,0,0,EAST,Eastern Suburbs,EAST,Eastern Suburbs,1.025,1,10.93,28,4.15,2.45,16.73,23.91,2.43,0.0,6.33,20.01,-33.882965,151.225769,-33.909551,151.263771
D0004,5c910ea6-208c-432d-baf8-4ed71311e913,2025-10-16,2025-10-16T09:24:00,2025-10-16T09:46:00,0,0,0,0,WEST,Western Sydney,WEST,Western Sydney,1.016,1,7.91,22,4.15,1.92,12.11,18.46,0.0,0.0,4.89,13.57,-33.754674,150.848857,-33.745375,150.770945
D0004,bbc6f512-dec7-4e31-99ff-97a1ac7e0581,2025-10-16,2025-10-16T09:25:00,2025-10-16T09:39:00,0,0,0,0,CBD,CBD & Haymarket,CBD,CBD & Haymarket,1.034,1,4.37,14,4.15,1.22,6.69,12.47,0.0,0.0,3.3,9.17,-33.855583,151.230129,-33.882866,151.234561
D0004,49155df1-e11c-4b90-b1f1-95446c8502cc,2025-10-16,2025-10-16T10:19:00,2025-10-16T10:32:00,0,0,0,0,INNER,Inner West,WEST,Western Sydney,1.022,1,4.06,13,4.15,1.14,6.22,11.76,0.0,0.0,3.11,8.65,-33.91568,151.130365,-33.784264,150.876243
D0004,d7a82bf7-45fb-45f1-aefa-e12ed64e2c76,2025-10-16,2025-10-16T15:26:00,2025-10-16T15:38:00,0,0,0,0,EAST,Eastern Suburbs,EAST,Eastern Suburbs,1.025,1,4.54,12,4.15,1.05,6.95,12.45,0.0,0.0,3.3,9.15,-33.900985,151.249698,-33.878767,151.285323
D0004,27c91664-5a9b-4595-b89f-e619aaf6dbee,2025-10-17,2025-10-17T16:57:00,2025-10-17T17:15:00,0,1,0,0,CBD,CBD & Haymarket,CBD,CBD & Haymarket,1.033,1,4.89,18,4.15,1.57,7.49,13.65,0.0,0.0,3.61,10.04,-33.874958,151.18248,-33.868688,151.223532
D0004,ec6f70b2-f518-41d2-b203-0ebe48cf15d4,2025-10-17,2025-10-17T17:28:00,2025-10-17T17:47:00,0,1,0,0,EAST,Eastern Suburbs,EAST,Eastern Suburbs,1.024,1,7.0,19,4.15,1.66,10.72,16.92,0.0,0.0,4.48,12.44,-33.889461,151.268653,-33.886978,151.276283
D0004,8cd823d3-044d-46dd-9321-1917dac3838e,2025-10-17,2025-10-17T18:04:00,2025-10-17T18:13:00,0,1,0,0,WEST,Western Sydney,EAST,Eastern Suburbs,1.014,1,3.34,9,4.15,0.79,5.11,10.19,0.0,0.0,2.7,7.49,-33.780918,150.752752,-33.885617,151.261719
D0004,28eb7c1c-7635-489c-b215-f5e51ec6f344,2025-10-17,2025-10-17T18:08:00,2025-10-17T18:17:00,0,1,0,0,INNER,Inner West,INNER,Inner West,1.021,1,2.67,9,4.15,0.79,4.09,9.22,3.59,0.0,2.44,10.37,-33.873972,151.129335,-33.86459,151.176356
D0004,39ad95a3-8776-4a44-a826-eccf6c7daeaa,2025-10-17,2025-10-17T18:09:00,2025-10-17T18:43:00,0,1,0,0,NB,Northern Beaches,NB,Northern Beaches,1.014,1,11.53,34,4.15,2.97,17.65,25.13,1.41,0.0,6.65,19.89,-33.730997,151.242258,-33.731252,151.338157
D0004,417a2aea-06fe-4f3b-ab0a-c6dae8acf074,2025-10-17,2025-10-17T18:22:00,2025-10-17T18:49:00,0,1,0,0,CBD,CBD & Haymarket,CBD,CBD & Haymarket,1.033,1,8.55,27,4.15,2.36,13.09,20.25,0.0,0.0,5.36,14.89,-33.858911,151.188992,-33.859818,151.236145
D0004,f8f60b9a-c1bb-432e-8fc6-c5bf3684e2fa,2025-10-17,2025-10-17T18:29:00,2025-10-17T18:50:00,0,1,0,0,INNER,Inner West,INNER,Inner West,1.021,1,6.52,21,4.15,1.84,9.98,16.3,0.0,0.0,4.32,11.98,-33.912305,151.104081,-33.910223,151.102307
D0004,d2c47e99-e1dd-4ce0-9c62-52b1a07b9ff2,2025-10-17,2025-10-17T19:09:00,2025-10-17T19:25:00,0,1,0,0,CBD,CBD & Haymarket,SOUTH,St George & Shire,1.033,1,6.74,16,4.15,1.4,10.32,16.4,0.0,0.0,4.34,12.06,-33.885065,151.188063,-34.0231,151.107713
D0004,a2487a43-0070-49aa-99f1-9882cd82ee8b,2025-10-18,2025-10-18T16:31:00,2025-10-18T16:53:00,0,1,0,1,PARRA,Parramatta,PARRA,Parramatta,1.14,1,8.78,22,4.15,1.92,13.44,22.25,0.0,0.0,5.89,16.36,-33.796669,151.027878,-33.818431,150.995604
D0004,fdc8bd52-ec9d-489e-b7ac-a49b7bf64a29,2025-10-18,2025-10-18T17:15:00,2025-10-18T17:34:00,0,1,0,1,PARRA,Parramatta,PARRA,Parramatta,1.14,1,6.22,19,4.15,1.66,9.52,17.48,0.0,0.0,4.63,12.85,-33.791972,151.001188,-33.783388,150.995148
D0004,ecff8d4b-dfdb-4ea4-855e-db1679a8c67b,2025-10-18,2025-10-18T17:40:00,2025-10-18T17:56:00,0,1,0,1,WEST,Western Sydney,NB,Northern Beaches,1.137,1,5.33,16,4.15,1.4,8.16,15.58,0.0,0.0,4.13,11.45,-33.795193,150.8343,-33.722815,151.323624
D0004,f09e374e-2ded-465d-aa49-204757111573,2025-10-18,2025-10-18T17:58:00,2025-10-18T18:24:00,0,1,0,1,EAST,Eastern Suburbs,EAST,Eastern Suburbs,1.147,1,7.05,26,4.15,2.27,10.79,19.74,0.0,0.0,5.23,14.51,-33.894357,151.218665,-33.904284,151.206976
D0004,bee8bf79-3d84-43e5-b759-9de12fdac02d,2025-10-18,2025-10-18T18:06:00,2025-10-18T18:38:00,0,1,0,1,SOUTH,St George & Shire,SOUTH,St George & Shire,1.138,1,12.39,32,4.15,2.8,18.97,29.5,0.0,0.0,7.81,21.69,-34.019565,151.105956,-33.990188,151.026261
D0004,3d760491-c03d-4dd1-8b7d-7593c6889831,2025-10-18,2025-10-18T18:16:00,2025-10-18T18:47:00,0,1,0,1,CBD,CBD & Haymarket,CBD,CBD & Haymarket,1.158,1,9.35,31,4.15,2.71,14.31,24.51,0.0,0.0,6.49,18.02,-33.867555,151.177285,-33.885437,151.217808
D0004,0e389035-a687-47ac-ac50-d19501f2e928,2025-10-18,2025-10-18T18:36:00,2025-10-18T18:46:00,0,1,0,1,CBD,CBD & Haymarket,CBD,CBD & Haymarket,1.158,1,3.35,10,4.15,0.87,5.13,11.75,0.0,0.0,3.11,8.64,-33.844966,151.212408,-33.881394,151.212977
D0004,44317bc0-842f-47a8-ba10-4f7e71483b3f,2025-10-18,2025-10-18T18:44:00,2025-10-18T18:55:00,0,1,0,1,CBD,CBD & Haymarket,CBD,CBD & Haymarket,1.158,1,3.27,11,4.15,0.96,5.01,11.72,1.61,0.0,3.1,10.23,-33.857903,151.187532,-33.88314,151.205619
D0004,4ffd8817-ac8e-44a8-8005-71ff23743588,2025-10-18,2025-10-18T18:46:00,2025-10-18T19:01:00,0,1,0,1,SOUTH,St George & Shire,SOUTH,St George & Shire,1.138,1,5.53,15,4.15,1.31,8.47,15.85,0.0,0.0,4.2,11.65,-34.04246,151.011941,-34.025785,151.073936
D0004,23164250-fb79-4269-9576-6177ae3ce62d,2025-10-18,2025-10-18T18:56:00,2025-10-18T19:18:00,0,1,0,1,SOUTH,St George & Shire,SOUTH,St George & Shire,1.138,1,6.96,22,4.15,1.92,10.66,19.04,0.0,0.0,5.04,14.0,-34.04065,151.01546,-34.039652,151.001171
D0004,999fd6d6-5a4f-4fe6-91a4-a954f2b292d6,2025-10-18,2025-10-18T19:05:00,2025-10-18T19:37:00,0,1,0,1,WEST,Western Sydney,NB,Northern Beaches,1.137,1,14.51,32,4.15,2.8,22.21,33.15,5.2,0.0,8.78,29.57,-33.787682,150.846318,-33.731969,151.306268
D0004,5d8f4606-b5f1-4cd1-be89-4dde62d5ec54,2025-10-18,2025-10-18T19:10:00,2025-10-18T19:31:00,0,1,0,1,WEST,Western Sydney,WEST,Western Sydney,1.137,1,8.25,21,4.15,1.84,12.63,21.17,0.0,0.0,5.61,15.56,-33.778205,150.866008,-33.764198,150.741552
D0004,7849431d-d0ff-4298-84b5-0e572bcf167a,2025-10-18,2025-10-18T19:46:00,2025-10-18T20:00:00,0,1,0,1,SOUTH,St George & Shire,CBD,CBD & Haymarket,1.138,1,4.53,14,4.15,1.22,6.94,14.01,0.0,0.0,3.71,10.3,-34.058636,151.055596,-33.861929,151.220769
D0004,67ece3aa-2019-4905-88ca-90a6f97aabef,2025-10-18,2025-10-18T19:51:00,2025-10-18T20:07:00,0,1,0,1,WEST,Western Sydney,WEST,Western Sydney,1.137,1,4.78,16,4.15,1.4,7.32,14.63,0.0,0.0,3.87,10.76,-33.722327,150.816892,-33.808597,150.792379
D0004,e53993f2-8824-46f0-906a-745e09a3fe7e,2025-10-19,2025-10-19T08:44:00,2025-10-19T08:59:00,0,1,0,1,WEST,Western Sydney,WEST,Western Sydney,1.34,1,4.9,15,4.15,1.31,7.5,17.36,5.37,0.0,4.6,18.13,-33.801609,150.796101,-33.791948,150.781639
D0004,93947b77-e45a-4216-ab58-032cf6818456,2025-10-19,2025-10-19T08:49:00,2025-10-19T09:03:00,0,1,0,1,WEST,Western Sydney,SOUTH,St George & Shire,1.34,1,4.67,14,4.15,1.22,7.15,16.77,0.0,0.0,4.44,12.33,-33.72955,150.854846,-34.047837,151.034581
D0004,4ae10aa5-2619-411d-bcbb-e882266a77c5,2025-10-19,2025-10-19T08:53:00,2025-10-19T09:09:00,0,1,0,1,NB,Northern Beaches,NB,Northern Beaches,1.34,1,6.11,16,4.15,1.4,9.35,19.96,0.0,0.0,5.28,14.68,-33.724146,151.348179,-33.774224,151.28186
D0004,888dd16d-ae54-4c68-b3cc-98979f07ba50,2025-10-19,2025-10-19T08:55:00,2025-10-19T09:23:00,0,1,0,1,EAST,Eastern Suburbs,EAST,Eastern Suburbs,1.352,1,8.68,28,4.15,2.45,13.29,26.89,0.0,0.0,7.12,19.77,-33.90094,151.262622,-33.884205,151.273341
D0004,6294b409-315d-4f52-bba0-a82f7857b991,2025-10-19,2025-10-19T09:07:00,2025-10-19T09:37:00,0,1,0,1,NORTH,Lower North Shore,NORTH,Lower North Shore,1.352,1,9.96,30,4.15,2.62,15.25,29.77,0.0,0.0,7.88,21.89,-33.829121,151.188555,-33.802622,151.23616
D0004,7d977fb1-9f9b-496e-a385-bc2eb88a2c55,2025-10-19,2025-10-19T09:25:00,2025-10-19T09:34:00,0,1,0,1,WEST,Western Sydney,WEST,Western Sydney,1.34,1,2.54,9,4.15,0.79,3.89,11.83,0.0,0.0,3.13,8.7,-33.745402,150.855122,-33.780959,150.795329
D0004,26c3ec21-e876-42af-bdf5-e7647d03aa4f,2025-10-19,2025-10-19T09:44:00,2025-10-19T10:13:00,0,1,0,1,CBD,CBD & Haymarket,CBD,CBD & Haymarket,1.364,1,10.69,29,4.15,2.54,16.37,31.46,0.0,0.0,8.33,23.13,-33.867476,151.212579,-33.856779,151.194143
D0004,72565b2e-8840-4c2e-a663-982ace29587f,2025-10-19,2025-10-19T09:54:00,2025-10-19T10:07:00,0,1,0,1,CBD,CBD & Haymarket,CBD,CBD & Haymarket,1.364,1,4.83,13,4.15,1.14,7.39,17.3,0.0,0.0,4.58,12.72,-33.863195,151.209691,-33.854718,151.233568
D0004,2cd836bb-ca37-4081-8a33-8f6d40b19c09,2025-10-19,2025-10-19T09:57:00,2025-10-19T10:29:00,0,1,0,1,CBD,CBD & Haymarket,EAST,Eastern Suburbs,1.364,1,12.96,32,4.15,2.8,19.84,36.55,0.0,0.0,9.68,26.87,-33.874766,151.181088,-33.867737,151.254975
D0004,d20c9c8c-a563-40d3-a7a6-e6562f500948,2025-10-19,2025-10-19T14:59:00,2025-10-19T15:30:00,0,1,0,1,WEST,Western Sydney,WEST,Western Sydney,1.34,1,8.79,31,4.15,2.71,13.46,27.22,0.0,0.0,7.21,20.01,-33.72523,150.786179,-33.728645,150.835825
D0004,36fc5352-6cdf-4ebe-8382-bb6f4e1c6010,2025-10-20,2025-10-20T11:27:00,2025-10-20T11:55:00,0,0,1,0,SOUTH,St George & Shire,INNER,Inner West,1.147,1,10.28,28,4.15,2.45,15.74,25.63,0.0,0.0,6.79,18.84,-33.982316,151.022047,-33.888343,151.189674
D0004,f825a1f5-747b-4226-8ab1-9454ab8c9a83,2025-10-20,2025-10-20T13:48:00,2025-10-20T14:07:00,0,0,1,0,WEST,Western Sydney,WEST,Western Sydney,1.146,1,6.62,19,4.15,1.66,10.13,18.27,0.0,0.0,4.84,13.43,-33.74271,150.747503,-33.770327,150.765358
D0004,4cc7c2d6-0f22-45fc-9831-9c2e83b6a767,2025-10-20,2025-10-20T14:33:00,2025-10-20T14:47:00,0,0,1,0,NORTH,Lower North Shore,NORTH,Lower North Shore,1.157,1,5.44,14,4.15,1.22,8.33,15.85,0.0,0.0,4.2,11.65,-33.827167,151.219653,-33.805381,151.215008
D0004,27d7d7c7-e9e3-4ff3-a94b-4b1fe1f747dd,2025-10-20,2025-10-20T15:47:00,2025-10-20T16:12:00,0,0,1,0,CBD,CBD & Haymarket,CBD,CBD & Haymarket,1.167,1,9.59,25,4.15,2.19,14.68,24.53,0.0,0.0,6.49,18.04,-33.874779,151.200913,-33.885318,151.214353
D0004,8f454522-34e9-4113-8c69-ca18aa533c3c,2025-10-20,2025-10-20T15:52:00,2025-10-20T16:13:00,0,0,1,0,EAST,Eastern Suburbs,EAST,Eastern Suburbs,1.157,1,7.98,21,4.15,1.84,12.22,21.06,3.4,0.0,5.58,18.88,-33.885622,151.223005,-33.897158,151.278057
D0004,c9807ed5-4b3d-41eb-aa6c-d49ab57bc8d9,2025-10-20,2025-10-20T16:22:00,2025-10-20T16:41:00,0,0,1,0,PARRA,Parramatta,PARRA,Parramatta,1.15,1,6.14,19,4.15,1.66,9.4,17.48,0.0,0.0,4.63,12.85,-33.845031,151.017776,-33.782987,151.01233
D0004,1f9e9163-846d-49df-846b-c9ae8fbcc6ae,2025-10-20,2025-10-20T16:46:00,2025-10-20T17:14:00,0,0,1,0,CBD,CBD & Haymarket,SOUTH,St George & Shire,1.167,1,10.17,28,4.15,2.45,15.57,25.88,0.0,0.0,6.85,19.03,-33.847097,151.223081,-34.059616,151.09533
D0004,57c59c67-2e13-4831-8a11-77bc79a30056,2025-10-21,2025-10-21T17:46:00,2025-10-21T17:59:00,0,0,0,0,EAST,Eastern Suburbs,NORTH,Lower North Shore,1.0,0,5.64,13,4.15,1.14,8.63,13.92,0.0,0.0,3.69,10.23,-33.875704,151.269472,-33.79422,151.202409
D0004,83e7cfe4-a76f-4fed-bee0-bcd55544d0b7,2025-10-21,2025-10-21T18:19:00,2025-10-21T18:31:00,0,0,0,0,WEST,Western Sydney,PARRA,Parramatta,1.0,0,4.19,12,4.15,1.05,6.41,11.61,0.0,0.0,3.07,8.54,-33.791892,150.841122,-33.799954,150.981788
D0004,2b367a5c-5a2b-4ada-9a40-52449887e6e4,2025-10-21,2025-10-21T18:49:00,2025-10-21T19:23:00,0,0,0,0,CBD,CBD & Haymarket,CBD,CBD & Haymarket,1.0,0,11.32,34,4.15,2.97,17.33,24.45,0.0,0.0,6.47,17.98,-33.860846,151.180595,-33.86792,151.214338
D0004,b32a6d4b-155f-4400-a49d-13aec5c31e40,2025-10-21,2025-10-21T19:00:00,2025-10-21T19:14:00,0,0,0,0,NB,Northern Beaches,NORTH,Lower North Shore,1.0,0,5.86,14,4.15,1.22,8.97,14.34,0.0,0.0,3.8,10.54,-33.700942,151.28065,-33.834349,151.189716
D0004,12719884-aaf8-4305-9759-f47f77043f7b,2025-10-21,2025-10-21T19:04:00,2025-10-21T19:33:00,0,0,0,0,NORTH,Lower North Shore,NORTH,Lower North Shore,1.0,0,9.89,29,4.15,2.54,15.14,21.83,0.0,0.0,5.78,16.05,-33.84244,151.181089,-33.821865,151.247204
D0004,7587b00a-e124-47d6-b666-87f0c7dfe871,2025-10-21,2025-10-21T19:07:00,2025-10-21T19:40:00,0,0,0,0,WEST,Western Sydney,WEST,Western Sydney,1.0,0,10.72,33,4.15,2.89,16.41,23.45,0.0,0.0,6.21,17.24,-33.773909,150.828008,-33.789106,150.829993
D0004,bf889ee4-1831-447c-92f2-5190b6225b7d,2025-10-22,2025-10-22T09:23:00,2025-10-22T09:48:00,0,0,0,0,CBD,CBD & Haymarket,CBD,CBD & Haymarket,1.0,0,8.03,25,4.15,2.19,12.29,18.63,0.0,0.0,4.93,13.7,-33.860263,151.193005,-33.871559,151.229819
D0004,0efbc768-77c2-4708-ae90-4e8528c11d82,2025-10-22,2025-10-22T09:29:00,2025-10-22T09:46:00,0,0,0,0,SOUTH,St George & Shire,SOUTH,St George & Shire,1.0,0,5.93,17,4.15,1.49,9.08,14.72,4.65,0.0,3.9,15.47,-34.073254,151.072236,-34.015591,151.018076
D0004,a450a979-db6f-46de-ae86-2d38173c24f9,2025-10-22,2025-10-22T09:36:00,2025-10-22T09:49:00,0,0,0,0,SOUTH,St George & Shire,SOUTH,St George & Shire,1.0,0,3.57,13,4.15,1.14,5.47,10.76,0.0,0.0,2.85,7.91,-34.043529,151.061776,-34.025392,151.017714
D0004,28c850ae-c64e-4db7-bd43-a91495193ad1,2025-10-22,2025-10-22T10:03:00,2025-10-22T10:35:00,0,0,0,0,NB,Northern Beaches,NB,Northern Beaches,1.0,0,9.94,32,4.15,2.8,15.22,22.17,2.73,0.0,5.87,19.03,-33.743024,151.296284,-33.767602,151.337085
D0004,0b93638c-e213-46a5-817b-6da9ed2be5ee,2025-10-22,2025-10-22T15:23:00,2025-10-22T15:34:00,0,0,0,0,PARRA,Parramatta,PARRA,Parramatta,1.0,0,3.9,11,4.15,0.96,5.97,11.08,3.61,0.0,2.93,11.76,-33.835767,151.02346,-33.828577,150.983645
D0004,89f209aa-7259-4646-b1da-1074f21b0d21,2025-10-22,2025-10-22T16:02:00,2025-10-22T16:27:00,0,0,0,0,SOUTH,St George & Shire,SOUTH,St George & Shire,1.0,0,7.26,25,4.15,2.19,11.11,17.45,0.0,0.0,4.62,12.83,-34.058537,151.017728,-34.045032,151.071474
D0004,3f09bf40-56f8-48c6-970b-f2df2e79a0cb,2025-10-22,2025-10-22T17:09:00,2025-10-22T17:12:00,0,0,0,0,NB,Northern Beaches,NB,Northern Beaches,1.0,0,10.52,3,4.15,2.71,16.11,22.97,0.0,0.0,6.08,16.89,-33.749713,151.346359,-33.755537,151.322445
D0004,5ff7c63d-39b7-4ef1-b2b0-5e494ae9c63b,2025-10-22,2025-10-22T17:10:00,2025-10-22T17:12:00,0,0,0,0,PARRA,Parramatta,PARRA,Parramatta,1.0,0,9.15,2,4.15,2.36,14.01,20.52,0.0,0.0,5.43,15.09,-33.79265,151.038789,-33.796041,150.985382
D0004,af89c5e2-1126-4ea1-b3ac-399182b739fe,2025-10-23,2025-10-23T17:22:00,2025-10-23T17:34:00,0,0,0,0,CBD,CBD & Haymarket,CBD,CBD & Haymarket,1.026,1,3.58,12,4.15,1.05,5.48,10.96,0.0,0.0,2.9,8.06,-33.850453,151.204337,-33.854054,151.183711
D0004,f6748243-2279-41de-920a-63f77b1ab060,2025-10-23,2025-10-23T17:32:00,2025-10-23T18:05:00,0,0,0,0,WEST,Western Sydney,WEST,Western Sydney,1.008,1,10.95,33,4.15,2.89,16.76,23.98,0.0,0.0,6.35,17.63,-33.83266,150.817105,-33.782937,150.80554
D0004,1d788eb6-b562-4759-b15e-1d71011565c4,2025-10-23,2025-10-23T17:45:00,2025-10-23T18:06:00,0,0,0,0,EAST,Eastern Suburbs,EAST,Eastern Suburbs,1.017,1,5.8,21,4.15,1.84,8.88,15.12,1.56,0.0,4.0,12.68,-33.877242,151.262371,-33.896717,151.262777
D0004,c55316a5-0980-4afb-91ff-31d6f9ecdcb3,2025-10-23,2025-10-23T18:18:00,2025-10-23T18:48:00,0,0,0,0,NB,Northern Beaches,NB,Northern Beaches,1.008,1,11.68,30,4.15,2.62,17.88,24.84,0.0,0.0,6.58,18.26,-33.683067,151.279947,-33.730233,151.280829
D0004,d261ef3e-c9fc-405c-9c90-48395cf11a53,2025-10-23,2025-10-23T18:24:00,2025-10-23T18:52:00,0,0,0,0,INNER,Inner West,CBD,CBD & Haymarket,1.014,1,9.97,28,4.15,2.45,15.26,22.16,1.93,0.0,5.87,18.22,-33.889757,151.094194,-33.878208,151.200098
D0004,f4603bc0-f7b5-4aad-87a5-8a008f255802,2025-10-23,2025-10-23T18:25:00,2025-10-23T18:59:00,0,0,0,0,PARRA,Parramatta,PARRA,Parramatta,1.011,1,12.79,34,4.15,2.97,19.58,26.99,0.0,0.0,7.15,19.84,-33.821572,151.042679,-33.83758,151.024888
D0004,70bb17b5-2702-440f-b1d7-3734eb4d6907,2025-10-23,2025-10-23T18:36:00,2025-10-23T18:50:00,0,0,0,0,PARRA,Parramatta,PARRA,Parramatta,1.011,1,4.7,14,4.15,1.22,7.2,12.7,0.0,0.0,3.36,9.34,-33.817706,150.965383,-33.81697,151.037982
D0004,f7e807ba-cee3-44d8-8095-b680335faefc,2025-10-23,2025-10-23T18:46:00,2025-10-23T19:19:00,0,0,0,0,INNER,Inner West,EAST,Eastern Suburbs,1.014,1,14.63,33,4.15,2.89,22.4,29.85,0.0,0.0,7.9,21.95,-33.918865,151.131879,-33.888863,151.266843
D0004,1c4ae33d-53e4-4eb4-8e5f-639d4467cb0a,2025-10-24,2025-10-24T07:54:00,2025-10-24T08:21:00,0,1,0,0,SOUTH,St George & Shire,SOUTH,St George & Shire,1.077,1,7.69,27,4.15,2.36,11.77,19.69,0.0,0.0,5.21,14.48,-34.011155,150.999607,-34.041955,151.024432
D0004,3e2e87c8-07d3-4c37-843c-8e157d575fb7,2025-10-24,2025-10-24T08:10:00,2025-10-24T08:38:00,0,1,0,0,WEST,Western Sydney,WEST,Western Sydney,1.076,1,9.68,28,4.15,2.45,14.82,23.04,0.0,0.0,6.1,16.94,-33.786754,150.775548,-33.785357,150.840583
D0004,0986332b-0c5c-4cc9-9ea9-e38fa17c2720,2025-10-24,2025-10-24T08:42:00,2025-10-24T09:15:00,0,1,0,0,INNER,Inner West,INNER,Inner West,1.082,1,11.61,33,4.15,2.89,17.77,26.85,0.0,0.0,7.11,19.74,-33.907731,151.176507,-33.89677,151.15881
D0004,99af45f7-288d-40b0-848c-bc227801c6c1,2025-10-24,2025-10-24T09:18:00,2025-10-24T09:38:00,0,1,0,0,NORTH,Lower North Shore,NORTH,Lower North Shore,1.086,1,6.79,20,4.15,1.75,10.4,17.69,0.0,0.0,4.68,13.01,-33.853214,151.207474,-33.815727,151.236009
D0004,e2a3a648-557d-4ca9-87f9-2d860f6814ef,2025-10-24,2025-10-24T09:35:00,2025-10-24T09:54:00,0,1,0,0,INNER,Inner West,EAST,Eastern Suburbs,1.082,1,7.05,19,4.15,1.66,10.79,17.97,0.0,0.0,4.76,13.21,-33.846798,151.143511,-33.909675,151.251066
D0004,4480f4a9-555b-43c4-ab7c-b8b310d216b9,2025-10-24,2025-10-24T09:47:00,2025-10-24T09:56:00,0,1,0,0,NORTH,Lower North Shore,NORTH,Lower North Shore,1.086,1,3.56,9,4.15,0.79,5.45,11.28,0.0,0.0,2.99,8.29,-33.832422,151.195739,-33.823084,151.25236
D0004,ad8fd1b3-9e86-49b2-b192-fb3b4cc9a250,2025-10-24,2025-10-24T10:01:00,2025-10-24T10:11:00,0,1,0,0,EAST,Eastern Suburbs,EAST,Eastern Suburbs,1.086,1,3.77,10,4.15,0.87,5.77,11.71,0.0,0.0,3.1,8.61,-33.891472,151.250467,-33.905909,151.221076
D0004,3ba29037-a7ab-44d1-804c-2cc0077e8b8e,2025-10-24,2025-10-24T10:15:00,2025-10-24T10:27:00,0,1,0,0,INNER,Inner West,INNER,Inner West,1.082,1,3.89,12,4.15,1.05,5.96,12.08,0.0,0.0,3.2,8.88,-33.867494,151.149506,-33.857514,151.17454
D0004,91903d74-34af-4536-9c52-5178caa009fe,2025-10-25,2025-10-25T07:35:00,2025-10-25T07:44:00,0,1,0,1,SOUTH,St George & Shire,PARRA,Parramatta,1.134,1,4.03,9,4.15,0.79,6.17,12.6,0.0,0.0,3.34,9.26,-33.994998,151.033608,-33.80089,151.010666
D0004,7d1ddd57-48f1-46dc-bf1a-de70b41a3a6b,2025-10-25,2025-10-25T08:15:00,2025-10-25T08:29:00,0,1,0,1,WEST,Western Sydney,NORTH,Lower North Shore,1.132,1,5.36,14,4.15,1.22,8.21,15.38,0.0,0.0,4.07,11.31,-33.759466,150.78858,-33.857367,151.219564
D0004,e2d5f2b4-5deb-4484-9af5-fcca99ca3d5c,2025-10-25,2025-10-25T08:45:00,2025-10-25T09:13:00,0,1,0,1,SOUTH,St George & Shire,SOUTH,St George & Shire,1.134,1,8.85,28,4.15,2.45,13.55,22.85,0.0,0.0,6.05,16.8,-34.019282,151.027736,-34.058513,151.044165
D0004,643c2ede-90d2-4a94-8530-d21db890d373,2025-10-25,2025-10-25T08:48:00,2025-10-25T09:15:00,0,1,0,1,EAST,Eastern Suburbs,EAST,Eastern Suburbs,1.143,1,7.34,27,4.15,2.36,11.24,20.29,0.0,0.0,5.37,14.92,-33.910445,151.210779,-33.876986,151.238702
D0004,af646436-d732-45f8-b4eb-b74352403706,2025-10-25,2025-10-25T08:55:00,2025-10-25T09:23:00,0,1,0,1,SOUTH,St George & Shire,CBD,CBD & Haymarket,1.134,1,12.01,28,4.15,2.45,18.39,28.34,0.0,0.0,7.5,20.84,-34.008367,151.01006,-33.848911,151.20245
D0004,695fe749-442d-4c4f-b6de-cfad048cccce,2025-10-25,2025-10-25T08:59:00,2025-10-25T09:21:00,0,1,0,1,INNER,Inner West,INNER,Inner West,1.139,1,6.11,22,4.15,1.92,9.35,17.57,0.0,0.0,4.65,12.92,-33.872026,151.094114,-33.895467,151.147575
D0004,89115eaa-4a04-4e9d-aa66-34cd254f4fcc,2025-10-25,2025-10-25T09:06:00,2025-10-25T09:14:00,0,1,0,1,WEST,Western Sydney,WEST,Western Sydney,1.132,1,2.22,8,4.15,0.7,3.4,9.34,0.0,0.0,2.47,6.87,-33.766528,150.825705,-33.772878,150.783997
D0004,c75fab28-0a04-448e-a7e6-f02cd7b562c6,2025-10-25,2025-10-25T09:27:00,2025-10-25T09:44:00,0,1,0,1,INNER,Inner West,SOUTH,St George & Shire,1.139,1,7.81,17,4.15,1.49,11.96,20.05,0.0,0.0,5.31,14.74,-33.850531,151.139154,-33.978296,151.087158
D0004,c7233ef6-dc17-4d2e-b0c4-a8a3b0df10d0,2025-10-25,2025-10-25T09:33:00,2025-10-25T10:02:00,0,1,0,1,INNER,Inner West,INNER,Inner West,1.139,1,10.31,29,4.15,2.54,15.78,25.6,0.0,0.0,6.78,18.82,-33.857983,151.104217,-33.911034,151.143471
D0004,06aa6f3e-9268-4fb8-a984-e88573198de2,2025-10-25,2025-10-25T09:36:00,2025-10-25T09:58:00,0,1,0,1,SOUTH,St George & Shire,WEST,Western Sydney,1.134,1,8.45,22,4.15,1.92,12.94,21.56,0.0,0.0,5.71,15.85,-34.002973,151.098211,-33.722658,150.768791
D0004,9e63b934-b96b-415a-bcbd-5fe40d40782f,2025-10-25,2025-10-25T09:39:00,2025-10-25T10:09:00,0,1,0,1,NORTH,Lower North Shore,NORTH,Lower North Shore,1.143,1,8.57,30,4.15,2.62,13.12,22.73,0.0,0.0,6.02,16.71,-33.804276,151.202999,-33.814199,151.200623
D0004,de239bb0-def7-48cd-a63e-d45b278d173e,2025-10-26,2025-10-26T08:26:00,2025-10-26T08:46:00,0,1,1,1,PARRA,Parramatta,PARRA,Parramatta,1.6,1,7.33,20,4.15,1.75,11.22,27.39,4.0,0.0,7.25,24.14,-33.819224,151.017888,-33.801436,151.025778
D0004,38575076-2eb8-49a4-9d7d-14ded86f1940,2025-10-26,2025-10-26T08:28:00,2025-10-26T09:00:00,0,1,1,1,CBD,CBD & Haymarket,CBD,CBD & Haymarket,1.625,1,10.46,32,4.15,2.8,16.01,37.3,0.0,0.0,9.88,27.42,-33.874873,151.215712,-33.888281,151.206395
D0004,aa592713-fe5f-4381-89ae-2d883373a2e7,2025-10-26,2025-10-26T08:29:00,2025-10-26T08:47:00,0,1,1,1,CBD,CBD & Haymarket,CBD,CBD & Haymarket,1.625,1,5.57,18,4.15,1.57,8.53,23.15,0.0,0.0,6.13,17.02,-33.867471,151.199611,-33.865226,151.23515
D0004,b2933e4c-26fd-4568-ab0e-fd2567bba841,2025-10-26,2025-10-26T08:31:00,2025-10-26T08:55:00,0,1,1,1,WEST,Western Sydney,WEST,Western Sydney,1.595,1,6.96,24,4.15,2.1,10.66,26.97,0.0,0.0,7.14,19.83,-33.801307,150.791501,-33.723341,150.790595
D0004,6e692b07-9628-4a7a-b821-8ccc862263b6,2025-10-26,2025-10-26T08:37:00,2025-10-26T08:54:00,0,1,1,1,WEST,Western Sydney,CBD,CBD & Haymarket,1.595,1,6.18,17,4.15,1.49,9.46,24.09,0.0,0.0,6.38,17.71,-33.791049,150.765553,-33.891007,151.216552
D0004,97325df3-d087-4f6a-95d3-6f61ef2c4367,2025-10-26,2025-10-26T08:40:00,2025-10-26T08:54:00,0,1,1,1,EAST,Eastern Suburbs,EAST,Eastern Suburbs,1.61,1,5.2,14,4.15,1.22,7.96,21.46,1.72,0.0,5.68,17.5,-33.904623,151.236805,-33.92094,151.24661
D0004,289c06ee-6cf9-4c07-8384-8af5046c3483,2025-10-26,2025-10-26T08:52:00,2025-10-26T09:02:00,0,1,1,1,SOUTH,St George & Shire,SOUTH,St George & Shire,1.597,1,2.88,10,4.15,0.87,4.41,15.06,4.51,0.0,3.99,15.58,-34.030959,151.022697,-33.985016,151.074988
D0004,369796aa-fb94-4f86-8b67-0fe7995c6d06,2025-10-26,2025-10-26T08:54:00,2025-10-26T09:03:00,0,1,1,1,WEST,Western Sydney,WEST,Western Sydney,1.595,1,2.42,9,4.15,0.79,3.7,13.78,0.0,0.0,3.65,10.13,-33.819006,150.836282,-33.797351,150.833229
D0004,db51de24-2a0a-47ea-8edb-05a37af0820b,2025-10-26,2025-10-26T09:00:00,2025-10-26T09:16:00,0,1,1,1,SOUTH,St George & Shire,SOUTH,St George & Shire,1.597,1,5.44,16,4.15,1.4,8.33,22.17,0.0,0.0,5.87,16.3,-34.040689,151.001778,-34.031984,151.106802
D0004,371720ad-091d-437f-8218-29e66685ec0d,2025-10-26,2025-10-26T09:08:00,2025-10-26T09:24:00,0,1,1,1,SOUTH,St George & Shire,SOUTH,St George & Shire,1.597,1,4.4,16,4.15,1.4,6.74,19.63,0.0,0.0,5.2,14.43,-34.054329,151.034017,-34.050128,151.036476
D0004,68fb22e6-dbab-4e63-ad75-2f2120394b33,2025-10-26,2025-10-26T09:19:00,2025-10-26T09:47:00,0,1,1,1,CBD,CBD & Haymarket,PARRA,Parramatta,1.625,1,10.56,28,4.15,2.45,16.17,36.99,0.0,0.0,9.79,27.2,-33.886306,151.217952,-33.842435,150.984567
D0004,590338e9-f036-40fd-b17c-f72a0bb0e662,2025-10-26,2025-10-26T09:30:00,2025-10-26T09:56:00,0,1,1,1,EAST,Eastern Suburbs,EAST,Eastern Suburbs,1.61,1,8.85,26,4.15,2.27,13.55,32.15,0.0,0.0,8.51,23.64,-33.880562,151.281014,-33.87426,151.264858
D0004,f1f808f3-4f55-498a-8142-c27b132cdaa4,2025-10-26,2025-10-26T10:08:00,2025-10-26T10:19:00,0,1,1,1,PARRA,Parramatta,PARRA,Parramatta,1.6,1,2.95,11,4.15,0.96,4.52,15.41,0.0,0.0,4.08,11.33,-33.803668,151.041148,-33.775425,150.98919
D0004,806a457e-fffe-44b1-8a22-463493bd2307,2025-10-26,2025-10-26T10:24:00,2025-10-26T10:49:00,0,1,1,1,SOUTH,St George & Shire,SOUTH,St George & Shire,1.597,1,6.88,25,4.15,2.19,10.53,26.94,0.0,0.0,7.13,19.81,-34.028808,151.025111,-33.994572,151.104252
